# Blender 5.2.0 LTS
# www.blender.org
mtllib FrameBack.mtl
o FrameBack
v 0.005903 0.217282 -0.305390
v 0.005903 0.217282 0.305390
v 0.005903 -0.217282 0.305390
v 0.005903 -0.217282 -0.305390
v 0.004976 0.133492 -0.054411
v 0.004904 0.131622 -0.032232
v 0.004976 0.189688 -0.054411
v 0.004904 0.191792 -0.032232
v -0.003865 0.131615 -0.026694
v -0.003865 0.191785 -0.026694
v 0.004976 0.133492 0.032784
v 0.004753 0.131622 0.010375
v 0.004976 0.189688 0.032784
v 0.004753 0.191792 0.010375
v -0.004015 0.131615 0.004878
v -0.004015 0.191785 0.004878
v 0.004976 0.180950 -0.055385
v 0.004904 0.180950 -0.032232
v -0.003865 0.180944 -0.026694
v 0.004976 0.180944 0.033642
v 0.004753 0.180944 0.010375
v -0.004015 0.180938 0.004878
v 0.004976 0.161043 -0.055385
v 0.004976 0.161037 0.033642
v 0.004904 0.161043 -0.032232
v -0.003865 0.161036 -0.026694
v 0.004753 0.161037 0.010375
v -0.004015 0.161030 0.004878
v 0.004976 0.144169 -0.055385
v 0.004976 0.144169 0.033642
v 0.004904 0.144169 -0.032232
v -0.003865 0.144162 -0.026694
v 0.004753 0.144169 0.010375
v -0.004015 0.144162 0.004878
v -0.005546 0.133459 -0.000454
v -0.005546 0.133459 -0.021290
v -0.005546 0.191759 -0.020921
v -0.005546 0.191759 -0.000823
v -0.005546 0.178774 -0.019774
v -0.005546 0.178768 -0.001970
v -0.005546 0.161003 -0.020161
v -0.005546 0.160997 -0.001583
v -0.005546 0.144129 -0.020161
v -0.005546 0.144129 -0.001583
v 0.002932 0.131622 -0.031067
v 0.002932 0.191792 -0.031067
v 0.002932 0.180950 -0.031067
v 0.002932 0.161043 -0.031067
v 0.002932 0.144169 -0.031067
v 0.002332 0.131622 0.009037
v 0.002332 0.191792 0.009037
v 0.002332 0.180944 0.009037
v 0.002332 0.161037 0.009037
v 0.002332 0.144169 0.009037
v 0.004976 0.131622 0.014065
v 0.004976 0.191792 0.014065
v 0.004976 0.180944 0.014065
v 0.004976 0.161156 0.013101
v 0.004976 0.144005 0.013482
v 0.004976 0.131622 -0.035856
v 0.004976 0.191792 -0.035856
v 0.004976 0.180950 -0.035856
v 0.004976 0.161039 -0.034985
v 0.004976 0.143973 -0.035330
v 0.004976 0.191792 0.026454
v 0.004976 0.131622 0.026454
v 0.004976 0.180944 0.026454
v 0.004976 0.161156 0.027107
v 0.004976 0.144005 0.026846
v 0.004976 0.191792 -0.047763
v 0.004976 0.180950 -0.047763
v 0.004976 0.161039 -0.048289
v 0.004976 0.143973 -0.048077
v 0.004976 0.131622 -0.047763
v 0.004753 0.175376 0.010375
v -0.004015 0.175369 0.004878
v 0.004976 0.175376 0.033642
v -0.005546 0.175336 -0.001583
v 0.002332 0.175376 0.009037
v 0.004976 0.175952 0.013482
v 0.004976 0.175952 0.026846
v 0.004904 0.175400 -0.032232
v -0.003865 0.175393 -0.026694
v 0.004976 0.175400 -0.055385
v -0.005546 0.175361 -0.020161
v 0.002932 0.175400 -0.031067
v 0.004976 0.175980 -0.035330
v 0.004976 0.175980 -0.048077
v 0.005099 0.147162 0.024490
v 0.005099 0.157161 0.024490
v 0.005099 0.157161 0.015346
v 0.005099 0.147162 0.015346
v 0.005099 0.146940 -0.045680
v 0.005099 0.146985 -0.037179
v 0.005099 0.156228 -0.037179
v 0.005099 0.156094 -0.045680
v 0.005099 0.165176 0.024490
v 0.005099 0.174120 0.024490
v 0.005099 0.174120 0.015346
v 0.005099 0.165176 0.015346
v 0.005099 0.165182 -0.046200
v 0.005099 0.165182 -0.037309
v 0.005099 0.174150 -0.037179
v 0.005099 0.174150 -0.045810
v 0.005530 0.155747 0.023183
v 0.005530 0.148576 0.023183
v 0.005530 0.148576 0.016653
v 0.005530 0.155747 0.016653
v 0.005530 0.148443 -0.038406
v 0.005530 0.148243 -0.044453
v 0.005530 0.154814 -0.044453
v 0.005530 0.155147 -0.038406
v 0.005530 0.172838 0.023183
v 0.005530 0.166458 0.023183
v 0.005530 0.166458 0.016653
v 0.005530 0.172838 0.016653
v 0.005530 0.166467 -0.039185
v 0.005530 0.166467 -0.046208
v 0.005530 0.172865 -0.045233
v 0.005530 0.172865 -0.038601
v -0.005546 0.178714 -0.017839
v -0.005546 0.178067 -0.015516
v -0.005546 0.178499 -0.013194
v -0.005546 0.178067 -0.010872
v -0.005546 0.178499 -0.008550
v -0.005546 0.178067 -0.006228
v -0.005546 0.178714 -0.003905
v -0.005546 0.191752 -0.003905
v -0.005546 0.191752 -0.006228
v -0.005546 0.191752 -0.008550
v -0.005546 0.191752 -0.010872
v -0.005546 0.191752 -0.013194
v -0.005546 0.191752 -0.015516
v -0.005546 0.191752 -0.017839
v 0.004976 0.140686 -0.055370
v 0.004976 0.137703 -0.055262
v 0.004976 0.135292 -0.054968
v 0.004975 0.131622 -0.034103
v 0.004967 0.131622 -0.033055
v 0.004946 0.131622 -0.032501
v 0.004904 0.183011 -0.032232
v 0.004904 0.185628 -0.032232
v 0.004904 0.188617 -0.032232
v 0.004976 0.191758 -0.050205
v 0.004976 0.191525 -0.052081
v 0.004976 0.190890 -0.053456
v -0.003865 0.183004 -0.026694
v -0.003865 0.185622 -0.026694
v -0.003865 0.188611 -0.026694
v 0.001367 0.131622 -0.030306
v -0.000493 0.131621 -0.029297
v -0.002340 0.131619 -0.028080
v 0.003970 0.191792 -0.031563
v 0.004548 0.191792 -0.031862
v 0.004812 0.191792 -0.032055
v 0.004976 0.140686 0.033628
v 0.004976 0.137703 0.033533
v 0.004976 0.135292 0.033274
v 0.004973 0.131622 0.012255
v 0.004948 0.131622 0.011197
v 0.004882 0.131622 0.010650
v 0.004753 0.183008 0.010375
v 0.004753 0.185627 0.010375
v 0.004753 0.188617 0.010375
v 0.004976 0.191758 0.028881
v 0.004976 0.191525 0.030675
v 0.004976 0.190890 0.031937
v -0.004015 0.183002 0.004878
v -0.004015 0.185621 0.004878
v -0.004015 0.188610 0.004878
v 0.000816 0.131622 0.008300
v -0.000925 0.131621 0.007348
v -0.002624 0.131619 0.006202
v 0.003419 0.191792 0.009556
v 0.004117 0.191792 0.009908
v 0.004528 0.191792 0.010159
v 0.004976 0.187716 -0.054968
v 0.004976 0.185361 -0.055262
v 0.004976 0.182977 -0.055370
v 0.004904 0.177187 -0.032232
v 0.004904 0.178420 -0.032232
v 0.004904 0.179530 -0.032232
v -0.003865 0.177181 -0.026694
v -0.003865 0.178413 -0.026694
v -0.003865 0.179523 -0.026694
v 0.004976 0.187715 0.033274
v 0.004976 0.185360 0.033533
v 0.004976 0.182975 0.033628
v 0.004753 0.177165 0.010375
v 0.004753 0.178402 0.010375
v 0.004753 0.179518 0.010375
v -0.004015 0.177158 0.004878
v -0.004015 0.178396 0.004878
v -0.004015 0.179512 0.004878
v 0.003419 0.180944 0.009556
v 0.004117 0.180944 0.009908
v 0.004528 0.180944 0.010159
v 0.004973 0.180944 0.012255
v 0.004948 0.180944 0.011197
v 0.004882 0.180944 0.010650
v 0.001367 0.180950 -0.030306
v -0.000493 0.180950 -0.029297
v -0.002340 0.180948 -0.028080
v 0.004976 0.180950 -0.050221
v 0.004976 0.180950 -0.052205
v 0.004976 0.180950 -0.053874
v 0.004976 0.172735 -0.055385
v 0.004976 0.169305 -0.055385
v 0.004976 0.165334 -0.055385
v 0.004976 0.172713 0.033642
v 0.004976 0.169288 0.033642
v 0.004976 0.165322 0.033642
v 0.004904 0.148071 -0.032232
v 0.004904 0.152272 -0.032232
v 0.004904 0.156640 -0.032232
v -0.003865 0.148065 -0.026694
v -0.003865 0.152266 -0.026694
v -0.003865 0.156633 -0.026694
v 0.004753 0.148071 0.010375
v 0.004753 0.152272 0.010375
v 0.004753 0.156637 0.010375
v -0.004015 0.148065 0.004878
v -0.004015 0.152265 0.004878
v -0.004015 0.156631 0.004878
v 0.004976 0.161044 -0.050710
v 0.004976 0.161043 -0.052362
v 0.004976 0.161043 -0.053894
v 0.004973 0.161079 0.011592
v 0.004948 0.161049 0.010989
v 0.004882 0.161038 0.010624
v 0.003419 0.161037 0.009556
v 0.004117 0.161037 0.009908
v 0.004528 0.161037 0.010159
v 0.001367 0.161043 -0.030306
v -0.000493 0.161042 -0.029297
v -0.002340 0.161040 -0.028080
v 0.004976 0.156640 -0.055385
v 0.004976 0.152272 -0.055385
v 0.004976 0.148071 -0.055385
v 0.004976 0.156637 0.033642
v 0.004976 0.152272 0.033642
v 0.004976 0.148071 0.033642
v 0.004904 0.134490 -0.032232
v 0.004904 0.137466 -0.032232
v 0.004904 0.140656 -0.032232
v -0.003865 0.134483 -0.026694
v -0.003865 0.137459 -0.026694
v -0.003865 0.140649 -0.026694
v 0.004753 0.134490 0.010375
v 0.004753 0.137466 0.010375
v 0.004753 0.140656 0.010375
v -0.004015 0.134483 0.004878
v -0.004015 0.137459 0.004878
v -0.004015 0.140649 0.004878
v 0.004973 0.144098 0.011878
v 0.004948 0.144147 0.011079
v 0.004882 0.144166 0.010636
v 0.004976 0.144083 -0.050490
v 0.004976 0.144143 -0.052291
v 0.004976 0.144165 -0.053885
v 0.003419 0.144169 0.009556
v 0.004117 0.144169 0.009908
v 0.004528 0.144169 0.010159
v 0.001367 0.144169 -0.030306
v -0.000493 0.144168 -0.029297
v -0.002340 0.144166 -0.028080
v -0.005546 0.178837 -0.003331
v -0.005546 0.178883 -0.002793
v -0.005546 0.178858 -0.002327
v -0.005546 0.182215 -0.001168
v -0.005546 0.185375 -0.000919
v -0.005546 0.188557 -0.000835
v -0.005546 0.191752 -0.018431
v -0.005546 0.191753 -0.019095
v -0.005546 0.191755 -0.019901
v -0.005546 0.188557 -0.020909
v -0.005546 0.185376 -0.020825
v -0.005546 0.182217 -0.020576
v -0.005546 0.177092 -0.001589
v -0.005546 0.178096 -0.001632
v -0.005546 0.178578 -0.001747
v -0.005546 0.172696 -0.020161
v -0.005546 0.169266 -0.020161
v -0.005546 0.165294 -0.020161
v -0.005546 0.148032 -0.001583
v -0.005546 0.152232 -0.001583
v -0.005546 0.156598 -0.001583
v -0.005546 0.156601 -0.020161
v -0.005546 0.152233 -0.020161
v -0.005546 0.148032 -0.020161
v -0.005546 0.135255 -0.001099
v -0.005546 0.137664 -0.001440
v -0.005546 0.140646 -0.001565
v -0.005546 0.140646 -0.020179
v -0.005546 0.137664 -0.020304
v -0.005546 0.135255 -0.020645
v -0.005519 0.144139 -0.021876
v -0.005335 0.144148 -0.023558
v -0.004836 0.144156 -0.025175
v -0.004836 0.131639 -0.025193
v -0.005335 0.131840 -0.023701
v -0.005519 0.132397 -0.022360
v -0.004900 0.144156 0.003401
v -0.005354 0.144148 0.001805
v -0.005522 0.144139 0.000131
v -0.005522 0.132397 0.000615
v -0.005354 0.131840 0.001949
v -0.004900 0.131639 0.003419
v -0.005519 0.191765 -0.022196
v -0.005335 0.191772 -0.023653
v -0.004836 0.191779 -0.025187
v -0.004836 0.180916 -0.025173
v -0.005335 0.180752 -0.023542
v -0.005519 0.180279 -0.021807
v -0.004900 0.191779 0.003413
v -0.005354 0.191772 0.001900
v -0.005522 0.191765 0.000451
v -0.005522 0.180273 0.000062
v -0.005354 0.180746 0.001789
v -0.004900 0.180910 0.003399
v -0.005522 0.161007 0.000131
v -0.005354 0.161016 0.001805
v -0.004900 0.161024 0.003401
v -0.004836 0.161030 -0.025175
v -0.005335 0.161022 -0.023558
v -0.005519 0.161013 -0.021876
v 0.004812 0.131622 -0.032055
v 0.004548 0.131622 -0.031862
v 0.003970 0.131622 -0.031563
v -0.002340 0.191789 -0.028080
v -0.000493 0.191791 -0.029297
v 0.001367 0.191792 -0.030306
v 0.004812 0.180950 -0.032055
v 0.004548 0.180950 -0.031862
v 0.003970 0.180950 -0.031563
v 0.004812 0.161043 -0.032055
v 0.004548 0.161043 -0.031862
v 0.003970 0.161043 -0.031563
v 0.004812 0.144169 -0.032055
v 0.004548 0.144169 -0.031862
v 0.003970 0.144169 -0.031563
v 0.002932 0.148071 -0.031067
v 0.002932 0.152272 -0.031067
v 0.002932 0.156640 -0.031067
v 0.002932 0.177187 -0.031067
v 0.002932 0.178420 -0.031067
v 0.002932 0.179530 -0.031067
v 0.002932 0.183011 -0.031067
v 0.002932 0.185628 -0.031067
v 0.002932 0.188617 -0.031067
v 0.002932 0.134490 -0.031067
v 0.002932 0.137466 -0.031067
v 0.002932 0.140656 -0.031067
v 0.004528 0.131622 0.010159
v 0.004117 0.131622 0.009908
v 0.003419 0.131622 0.009556
v -0.002624 0.191789 0.006202
v -0.000925 0.191791 0.007348
v 0.000816 0.191792 0.008300
v -0.002624 0.180942 0.006202
v -0.000925 0.180944 0.007348
v 0.000816 0.180944 0.008300
v -0.002624 0.161034 0.006202
v -0.000925 0.161036 0.007348
v 0.000816 0.161037 0.008300
v -0.002624 0.144166 0.006202
v -0.000925 0.144168 0.007348
v 0.000816 0.144169 0.008300
v 0.002332 0.156637 0.009037
v 0.002332 0.152272 0.009037
v 0.002332 0.148071 0.009037
v 0.002332 0.172713 0.009037
v 0.002332 0.169288 0.009037
v 0.002332 0.165322 0.009037
v 0.002332 0.188617 0.009037
v 0.002332 0.185627 0.009037
v 0.002332 0.183008 0.009037
v 0.002332 0.140656 0.009037
v 0.002332 0.137466 0.009037
v 0.002332 0.134490 0.009037
v 0.004976 0.131622 0.023381
v 0.004976 0.131622 0.020003
v 0.004976 0.131622 0.016754
v 0.004882 0.191792 0.010650
v 0.004948 0.191792 0.011197
v 0.004973 0.191792 0.012255
v 0.004976 0.180944 0.023381
v 0.004976 0.180944 0.020003
v 0.004976 0.180944 0.016754
v 0.004976 0.161246 0.023408
v 0.004976 0.161270 0.019943
v 0.004976 0.161246 0.016527
v 0.004976 0.142397 0.023423
v 0.004976 0.141974 0.019969
v 0.004976 0.142397 0.016596
v 0.004976 0.140419 0.013839
v 0.004976 0.137388 0.013999
v 0.004976 0.134480 0.014056
v 0.004976 0.156458 0.012130
v 0.004976 0.152244 0.011911
v 0.004976 0.148162 0.012261
v 0.004976 0.172883 0.012261
v 0.004976 0.169426 0.011911
v 0.004976 0.165613 0.012130
v 0.004976 0.188617 0.014065
v 0.004976 0.185627 0.014065
v 0.004976 0.183008 0.014065
v 0.004976 0.131622 -0.044766
v 0.004976 0.131622 -0.041525
v 0.004976 0.131622 -0.038426
v 0.004946 0.191792 -0.032501
v 0.004967 0.191792 -0.033055
v 0.004975 0.191792 -0.034103
v 0.004946 0.180950 -0.032501
v 0.004967 0.180950 -0.033055
v 0.004975 0.180950 -0.034103
v 0.004946 0.161043 -0.032477
v 0.004967 0.161043 -0.032862
v 0.004975 0.161044 -0.033492
v 0.004946 0.144165 -0.032488
v 0.004967 0.144143 -0.032946
v 0.004975 0.144083 -0.033756
v 0.004976 0.134480 -0.035849
v 0.004976 0.137386 -0.035796
v 0.004976 0.140412 -0.035652
v 0.004976 0.148083 -0.034175
v 0.004976 0.152123 -0.033846
v 0.004976 0.156314 -0.034055
v 0.004976 0.177560 -0.035652
v 0.004976 0.178537 -0.035796
v 0.004976 0.179544 -0.035849
v 0.004976 0.183011 -0.035856
v 0.004976 0.185628 -0.035856
v 0.004976 0.188617 -0.035856
v 0.004976 0.191792 0.016754
v 0.004976 0.191792 0.020003
v 0.004976 0.191792 0.023381
v 0.004976 0.132424 0.031937
v 0.004976 0.131859 0.030675
v 0.004976 0.131652 0.028881
v 0.004976 0.180944 0.032304
v 0.004976 0.180944 0.030784
v 0.004976 0.180944 0.028895
v 0.004976 0.161038 0.032327
v 0.004976 0.161049 0.030960
v 0.004976 0.161079 0.029449
v 0.004976 0.144166 0.032317
v 0.004976 0.144147 0.030881
v 0.004976 0.144098 0.029202
v 0.004976 0.188617 0.026454
v 0.004976 0.185627 0.026454
v 0.004976 0.183008 0.026454
v 0.004976 0.172883 0.028184
v 0.004976 0.169426 0.028555
v 0.004976 0.165613 0.028277
v 0.004976 0.156458 0.028277
v 0.004976 0.152244 0.028555
v 0.004976 0.148162 0.028184
v 0.004976 0.140419 0.026609
v 0.004976 0.137388 0.026500
v 0.004976 0.134480 0.026460
v 0.004976 0.191792 -0.038426
v 0.004976 0.191792 -0.041525
v 0.004976 0.191792 -0.044766
v 0.004976 0.180950 -0.038426
v 0.004976 0.180950 -0.041525
v 0.004976 0.180950 -0.044766
v 0.004976 0.161038 -0.038234
v 0.004976 0.161037 -0.041458
v 0.004976 0.161038 -0.044735
v 0.004976 0.142381 -0.038290
v 0.004976 0.141965 -0.041486
v 0.004976 0.142381 -0.044773
v 0.004976 0.132424 -0.053456
v 0.004976 0.131859 -0.052081
v 0.004976 0.131652 -0.050205
v 0.004976 0.183011 -0.047763
v 0.004976 0.185628 -0.047763
v 0.004976 0.188617 -0.047763
v 0.004976 0.177560 -0.047889
v 0.004976 0.178537 -0.047801
v 0.004976 0.179544 -0.047768
v 0.004976 0.148083 -0.049362
v 0.004976 0.152123 -0.049716
v 0.004976 0.156314 -0.049439
v 0.004976 0.134480 -0.047768
v 0.004976 0.137386 -0.047801
v 0.004976 0.140412 -0.047889
v 0.004753 0.165322 0.010375
v 0.004753 0.169288 0.010375
v 0.004753 0.172713 0.010375
v -0.004015 0.165316 0.004878
v -0.004015 0.169281 0.004878
v -0.004015 0.172706 0.004878
v 0.004976 0.179518 0.033642
v 0.004976 0.178402 0.033642
v 0.004976 0.177165 0.033642
v -0.005546 0.165283 -0.001583
v -0.005546 0.169248 -0.001583
v -0.005546 0.172673 -0.001583
v 0.002332 0.179518 0.009037
v 0.002332 0.178402 0.009037
v 0.002332 0.177165 0.009037
v 0.004976 0.179533 0.014056
v 0.004976 0.178519 0.013999
v 0.004976 0.177536 0.013839
v 0.004976 0.179533 0.026460
v 0.004976 0.178519 0.026500
v 0.004976 0.177536 0.026609
v 0.004976 0.175384 0.032317
v 0.004976 0.175441 0.030881
v 0.004976 0.175599 0.029202
v 0.004976 0.177141 0.023423
v 0.004976 0.177450 0.019969
v 0.004976 0.177141 0.016596
v 0.003419 0.175376 0.009556
v 0.004117 0.175376 0.009908
v 0.004528 0.175376 0.010159
v -0.005522 0.175346 0.000131
v -0.005354 0.175355 0.001805
v -0.004900 0.175363 0.003401
v -0.002624 0.175373 0.006202
v -0.000925 0.175375 0.007348
v 0.000816 0.175376 0.008300
v 0.004973 0.175599 0.011878
v 0.004948 0.175441 0.011079
v 0.004882 0.175384 0.010636
v 0.004904 0.165334 -0.032232
v 0.004904 0.169305 -0.032232
v 0.004904 0.172735 -0.032232
v -0.003865 0.165327 -0.026694
v -0.003865 0.169299 -0.026694
v -0.003865 0.172728 -0.026694
v 0.004976 0.179530 -0.055385
v 0.004976 0.178420 -0.055385
v 0.004976 0.177187 -0.055385
v -0.005546 0.178589 -0.019997
v -0.005546 0.178113 -0.020112
v -0.005546 0.177114 -0.020155
v 0.002932 0.165334 -0.031067
v 0.002932 0.169305 -0.031067
v 0.002932 0.172735 -0.031067
v 0.004976 0.165591 -0.034055
v 0.004976 0.169434 -0.033846
v 0.004976 0.172905 -0.034175
v 0.004976 0.165591 -0.049439
v 0.004976 0.169434 -0.049716
v 0.004976 0.172905 -0.049362
v 0.004976 0.175624 -0.050490
v 0.004976 0.175466 -0.052291
v 0.004976 0.175408 -0.053885
v 0.004976 0.177170 -0.038290
v 0.004976 0.177480 -0.041486
v 0.004976 0.177170 -0.044773
v 0.004812 0.175400 -0.032055
v 0.004548 0.175400 -0.031862
v 0.003970 0.175400 -0.031563
v -0.004836 0.175387 -0.025175
v -0.005335 0.175380 -0.023558
v -0.005519 0.175370 -0.021876
v 0.001367 0.175400 -0.030306
v -0.000493 0.175399 -0.029297
v -0.002340 0.175397 -0.028080
v 0.004946 0.175408 -0.032488
v 0.004967 0.175466 -0.032946
v 0.004975 0.175624 -0.033756
v 0.005099 0.154895 0.025776
v 0.005099 0.152161 0.026204
v 0.005099 0.149427 0.025776
v 0.005099 0.145756 0.022418
v 0.005099 0.145287 0.019918
v 0.005099 0.145756 0.017418
v 0.005099 0.158567 0.022418
v 0.005099 0.159035 0.019918
v 0.005099 0.158567 0.017418
v 0.005099 0.154895 0.014060
v 0.005099 0.152161 0.013632
v 0.005099 0.149427 0.014060
v 0.005028 0.146934 0.024708
v 0.004992 0.146485 0.025084
v 0.004978 0.145655 0.025709
v 0.004978 0.158807 0.025800
v 0.004992 0.157869 0.025111
v 0.005028 0.157393 0.024711
v 0.004978 0.158807 0.014172
v 0.004992 0.157869 0.014764
v 0.005028 0.157393 0.015130
v 0.004978 0.145655 0.014303
v 0.004992 0.146485 0.014802
v 0.005028 0.146934 0.015135
v 0.005099 0.145678 -0.039105
v 0.005099 0.145238 -0.041430
v 0.005099 0.145660 -0.043754
v 0.005099 0.149005 -0.046875
v 0.005099 0.151501 -0.047274
v 0.005099 0.154005 -0.046875
v 0.005099 0.149088 -0.035984
v 0.005099 0.151623 -0.035585
v 0.005099 0.154149 -0.035984
v 0.005099 0.157494 -0.039105
v 0.005099 0.157886 -0.041430
v 0.005099 0.157415 -0.043754
v 0.005028 0.146752 -0.045898
v 0.004992 0.146353 -0.046278
v 0.004978 0.145574 -0.046913
v 0.004978 0.145575 -0.036142
v 0.004992 0.146358 -0.036637
v 0.005028 0.146771 -0.036968
v 0.004978 0.158424 -0.036023
v 0.004992 0.157236 -0.036603
v 0.005028 0.156560 -0.036964
v 0.004978 0.158422 -0.046988
v 0.004992 0.157220 -0.046301
v 0.005028 0.156504 -0.045901
v 0.005099 0.172094 0.025776
v 0.005099 0.169648 0.026204
v 0.005099 0.167203 0.025776
v 0.005099 0.163919 0.022418
v 0.005099 0.163499 0.019918
v 0.005099 0.163919 0.017418
v 0.005099 0.175378 0.022418
v 0.005099 0.175797 0.019918
v 0.005099 0.175378 0.017418
v 0.005099 0.172094 0.014060
v 0.005099 0.169648 0.013632
v 0.005099 0.167203 0.014060
v 0.005028 0.164944 0.024711
v 0.004992 0.164470 0.025111
v 0.004978 0.163535 0.025800
v 0.004978 0.175151 0.025709
v 0.004992 0.174660 0.025084
v 0.005028 0.174331 0.024708
v 0.004978 0.175151 0.014303
v 0.004992 0.174660 0.014802
v 0.005028 0.174331 0.015135
v 0.004978 0.163535 0.014172
v 0.004992 0.164470 0.014764
v 0.005028 0.164944 0.015130
v 0.005099 0.163921 -0.039351
v 0.005099 0.163501 -0.041803
v 0.005099 0.163921 -0.044231
v 0.005099 0.167214 -0.047352
v 0.005099 0.169666 -0.047647
v 0.005099 0.172119 -0.047121
v 0.005099 0.167214 -0.036039
v 0.005099 0.169666 -0.035601
v 0.005099 0.172119 -0.035986
v 0.005099 0.175412 -0.039107
v 0.005099 0.175832 -0.041446
v 0.005099 0.175412 -0.043809
v 0.005028 0.164949 -0.046120
v 0.004992 0.164462 -0.046365
v 0.004978 0.163492 -0.046996
v 0.004978 0.163492 -0.036025
v 0.004992 0.164462 -0.036619
v 0.005028 0.164949 -0.037018
v 0.004978 0.175180 -0.036142
v 0.004992 0.174690 -0.036637
v 0.005028 0.174361 -0.036968
v 0.004978 0.175180 -0.046915
v 0.004992 0.174690 -0.046294
v 0.005028 0.174361 -0.045953
v 0.005556 0.154289 0.023659
v 0.005570 0.152161 0.023898
v 0.005556 0.150034 0.023659
v 0.005556 0.148053 0.021855
v 0.005570 0.147790 0.019918
v 0.005556 0.148053 0.017981
v 0.005556 0.156270 0.021855
v 0.005570 0.156532 0.019918
v 0.005556 0.156270 0.017981
v 0.005556 0.154289 0.016177
v 0.005570 0.152161 0.015938
v 0.005556 0.150034 0.016177
v 0.005556 0.147924 -0.039635
v 0.005570 0.147624 -0.041430
v 0.005556 0.147805 -0.043224
v 0.005556 0.149566 -0.044894
v 0.005570 0.151507 -0.045116
v 0.005556 0.153464 -0.044894
v 0.005556 0.149845 -0.037965
v 0.005570 0.151860 -0.037743
v 0.005556 0.153830 -0.037965
v 0.005556 0.155590 -0.039635
v 0.005570 0.155743 -0.041430
v 0.005556 0.155386 -0.043224
v 0.005556 0.171541 0.023659
v 0.005570 0.169648 0.023898
v 0.005556 0.167756 0.023659
v 0.005556 0.165993 0.021855
v 0.005570 0.165759 0.019918
v 0.005556 0.165993 0.017981
v 0.005556 0.173303 0.021855
v 0.005570 0.173537 0.019918
v 0.005556 0.173303 0.017981
v 0.005556 0.171541 0.016177
v 0.005570 0.169648 0.015938
v 0.005556 0.167756 0.016177
v 0.005556 0.166001 -0.040728
v 0.005570 0.165766 -0.042886
v 0.005556 0.166001 -0.044914
v 0.005556 0.167768 -0.046585
v 0.005570 0.169666 -0.046572
v 0.005556 0.171564 -0.045987
v 0.005556 0.167768 -0.038586
v 0.005570 0.169666 -0.038169
v 0.005556 0.171564 -0.038239
v 0.005556 0.173332 -0.039910
v 0.005570 0.173566 -0.041855
v 0.005556 0.173332 -0.043845
v 0.005210 0.157009 0.024340
v 0.005337 0.156764 0.024112
v 0.005454 0.156299 0.023686
v 0.005454 0.148024 0.023686
v 0.005337 0.147558 0.024112
v 0.005210 0.147314 0.024340
v 0.005210 0.147150 -0.037327
v 0.005337 0.147418 -0.037543
v 0.005454 0.147898 -0.037940
v 0.005454 0.147720 -0.044919
v 0.005337 0.147285 -0.045316
v 0.005210 0.147065 -0.045532
v 0.005454 0.148024 0.016150
v 0.005337 0.147558 0.015724
v 0.005210 0.147314 0.015496
v 0.005210 0.173971 0.024340
v 0.005337 0.173747 0.024112
v 0.005454 0.173330 0.023686
v 0.005454 0.165967 0.023686
v 0.005337 0.165550 0.024112
v 0.005210 0.165325 0.024340
v 0.005454 0.155254 -0.044919
v 0.005337 0.155626 -0.045316
v 0.005210 0.155858 -0.045532
v 0.005210 0.165332 -0.037579
v 0.005337 0.165556 -0.037963
v 0.005454 0.165974 -0.038560
v 0.005454 0.165974 -0.046605
v 0.005337 0.165556 -0.046734
v 0.005210 0.165332 -0.046505
v 0.005210 0.157009 0.015496
v 0.005337 0.156764 0.015724
v 0.005454 0.156299 0.016150
v 0.005454 0.165967 0.016150
v 0.005337 0.165550 0.015724
v 0.005210 0.165325 0.015496
v 0.005210 0.156105 -0.037327
v 0.005337 0.155967 -0.037543
v 0.005454 0.155618 -0.037940
v 0.005453 0.173358 -0.045540
v 0.005337 0.173776 -0.045736
v 0.005210 0.174001 -0.045783
v 0.005210 0.173971 0.015496
v 0.005337 0.173747 0.015724
v 0.005454 0.173330 0.016150
v 0.005210 0.174001 -0.037331
v 0.005337 0.173776 -0.037574
v 0.005453 0.173358 -0.038039
v -0.005546 0.178861 -0.019417
v -0.005546 0.178884 -0.018951
v -0.005546 0.178837 -0.018413
v -0.005546 0.178522 -0.017258
v -0.005546 0.178310 -0.016677
v -0.005546 0.178138 -0.016097
v -0.005546 0.178135 -0.014936
v -0.005546 0.178283 -0.014355
v -0.005546 0.178431 -0.013775
v -0.005546 0.178431 -0.012614
v -0.005546 0.178283 -0.012033
v -0.005546 0.178135 -0.011453
v -0.005546 0.178135 -0.010291
v -0.005546 0.178283 -0.009711
v -0.005546 0.178431 -0.009130
v -0.005546 0.178431 -0.007969
v -0.005546 0.178283 -0.007389
v -0.005546 0.178135 -0.006808
v -0.005546 0.178138 -0.005647
v -0.005546 0.178310 -0.005067
v -0.005546 0.178522 -0.004486
v -0.005546 0.191755 -0.001843
v -0.005546 0.191753 -0.002649
v -0.005546 0.191752 -0.003313
v -0.005546 0.191752 -0.004486
v -0.005546 0.191752 -0.005067
v -0.005546 0.191752 -0.005647
v -0.005546 0.191752 -0.006808
v -0.005546 0.191752 -0.007389
v -0.005546 0.191752 -0.007969
v -0.005546 0.191752 -0.009130
v -0.005546 0.191752 -0.009711
v -0.005546 0.191752 -0.010291
v -0.005546 0.191752 -0.011453
v -0.005546 0.191752 -0.012033
v -0.005546 0.191752 -0.012614
v -0.005546 0.191752 -0.013775
v -0.005546 0.191752 -0.014355
v -0.005546 0.191752 -0.014936
v -0.005546 0.191752 -0.016097
v -0.005546 0.191752 -0.016677
v -0.005546 0.191752 -0.017258
v -0.005546 0.188493 -0.003905
v -0.005546 0.185233 -0.003905
v -0.005546 0.181974 -0.003905
v -0.005546 0.188331 -0.006228
v -0.005546 0.184910 -0.006228
v -0.005546 0.181489 -0.006228
v -0.005546 0.188439 -0.008550
v -0.005546 0.185126 -0.008550
v -0.005546 0.181812 -0.008550
v -0.005546 0.188331 -0.010872
v -0.005546 0.184910 -0.010872
v -0.005546 0.181489 -0.010872
v -0.005546 0.188439 -0.013194
v -0.005546 0.185126 -0.013194
v -0.005546 0.181812 -0.013194
v -0.005546 0.188331 -0.015516
v -0.005546 0.184910 -0.015516
v -0.005546 0.181489 -0.015516
v -0.005546 0.188493 -0.017839
v -0.005546 0.185233 -0.017839
v -0.005546 0.181974 -0.017839
v 0.004975 0.183011 -0.034103
v 0.004967 0.183011 -0.033055
v 0.004946 0.183011 -0.032501
v 0.004975 0.185628 -0.034103
v 0.004967 0.185628 -0.033055
v 0.004946 0.185628 -0.032501
v 0.004975 0.188617 -0.034103
v 0.004967 0.188617 -0.033055
v 0.004946 0.188617 -0.032501
v 0.001367 0.140656 -0.030306
v 0.001367 0.137465 -0.030306
v 0.001367 0.134490 -0.030306
v -0.000493 0.140655 -0.029297
v -0.000493 0.137465 -0.029297
v -0.000493 0.134489 -0.029297
v -0.002340 0.140653 -0.028080
v -0.002340 0.137463 -0.028080
v -0.002340 0.134487 -0.028080
v 0.004973 0.183008 0.012255
v 0.004973 0.185627 0.012255
v 0.004973 0.188617 0.012255
v 0.004948 0.183008 0.011197
v 0.004948 0.185627 0.011197
v 0.004948 0.188617 0.011197
v 0.004882 0.183008 0.010650
v 0.004882 0.185627 0.010650
v 0.004882 0.188617 0.010650
v 0.000816 0.140656 0.008300
v -0.000925 0.140655 0.007348
v -0.002624 0.140653 0.006202
v 0.000816 0.137465 0.008300
v -0.000925 0.137465 0.007348
v -0.002624 0.137463 0.006202
v 0.000816 0.134490 0.008300
v -0.000925 0.134489 0.007348
v -0.002624 0.134487 0.006202
v 0.000816 0.188617 0.008300
v -0.000925 0.188616 0.007348
v -0.002624 0.188614 0.006202
v 0.000816 0.185627 0.008300
v -0.000925 0.185627 0.007348
v -0.002624 0.185625 0.006202
v 0.000816 0.183008 0.008300
v -0.000925 0.183007 0.007348
v -0.002624 0.183005 0.006202
v 0.004973 0.177322 0.012096
v 0.004973 0.178456 0.012208
v 0.004973 0.179525 0.012249
v 0.004948 0.177212 0.011143
v 0.004948 0.178419 0.011181
v 0.004948 0.179520 0.011195
v 0.004882 0.177171 0.010644
v 0.004882 0.178404 0.010648
v 0.004882 0.179519 0.010650
v 0.001367 0.188617 -0.030306
v 0.001367 0.185628 -0.030306
v 0.001367 0.183011 -0.030306
v -0.000493 0.188616 -0.029297
v -0.000493 0.185627 -0.029297
v -0.000493 0.183010 -0.029297
v -0.002340 0.188614 -0.028080
v -0.002340 0.185625 -0.028080
v -0.002340 0.183008 -0.028080
v 0.004975 0.177345 -0.033958
v 0.004967 0.177234 -0.033006
v 0.004946 0.177193 -0.032495
v 0.004975 0.178473 -0.034060
v 0.004967 0.178436 -0.033040
v 0.004946 0.178422 -0.032499
v 0.004975 0.179537 -0.034098
v 0.004967 0.179532 -0.033053
v 0.004946 0.179530 -0.032501
v 0.004975 0.148008 -0.033455
v 0.004967 0.148047 -0.032868
v 0.004946 0.148068 -0.032478
v 0.004975 0.152216 -0.033296
v 0.004967 0.152256 -0.032821
v 0.004946 0.152270 -0.032472
v 0.004975 0.156593 -0.033368
v 0.004967 0.156634 -0.032838
v 0.004946 0.156639 -0.032474
v 0.004973 0.148041 0.011558
v 0.004973 0.152263 0.011389
v 0.004973 0.156643 0.011464
v 0.004948 0.148056 0.010996
v 0.004948 0.152269 0.010946
v 0.004948 0.156646 0.010964
v 0.004882 0.148070 0.010625
v 0.004882 0.152271 0.010619
v 0.004882 0.156639 0.010621
v 0.000816 0.172713 0.008300
v -0.000925 0.172712 0.007348
v -0.002624 0.172710 0.006202
v 0.000816 0.169288 0.008300
v -0.000925 0.169287 0.007348
v -0.002624 0.169285 0.006202
v 0.000816 0.165322 0.008300
v -0.000925 0.165321 0.007348
v -0.002624 0.165319 0.006202
v 0.001367 0.172735 -0.030306
v 0.001367 0.169305 -0.030306
v 0.001367 0.165333 -0.030306
v -0.000493 0.172734 -0.029297
v -0.000493 0.169304 -0.029297
v -0.000493 0.165333 -0.029297
v -0.002340 0.172732 -0.028080
v -0.002340 0.169302 -0.028080
v -0.002340 0.165331 -0.028080
v 0.004973 0.134487 0.012249
v 0.004973 0.137443 0.012208
v 0.004973 0.140595 0.012096
v 0.004948 0.134489 0.011195
v 0.004948 0.137460 0.011181
v 0.004948 0.140641 0.011143
v 0.004882 0.134490 0.010650
v 0.004882 0.137465 0.010648
v 0.004882 0.140654 0.010644
v 0.004975 0.134487 -0.034098
v 0.004967 0.134489 -0.033053
v 0.004946 0.134490 -0.032501
v 0.004975 0.137442 -0.034060
v 0.004967 0.137460 -0.033040
v 0.004946 0.137465 -0.032499
v 0.004975 0.140590 -0.033958
v 0.004967 0.140639 -0.033006
v 0.004946 0.140654 -0.032495
v 0.000816 0.156637 0.008300
v -0.000925 0.156637 0.007348
v -0.002624 0.156635 0.006202
v 0.000816 0.152272 0.008300
v -0.000925 0.152271 0.007348
v -0.002624 0.152269 0.006202
v 0.000816 0.148071 0.008300
v -0.000925 0.148071 0.007348
v -0.002624 0.148069 0.006202
v 0.001367 0.156640 -0.030306
v 0.001367 0.152272 -0.030306
v 0.001367 0.148071 -0.030306
v -0.000493 0.156639 -0.029297
v -0.000493 0.152272 -0.029297
v -0.000493 0.148071 -0.029297
v -0.002340 0.156637 -0.028080
v -0.002340 0.152270 -0.028080
v -0.002340 0.148069 -0.028080
v -0.005546 0.182066 -0.018422
v -0.005546 0.185295 -0.018428
v -0.005546 0.188524 -0.018431
v -0.005546 0.182106 -0.019020
v -0.005546 0.185325 -0.019071
v -0.005546 0.188540 -0.019092
v -0.005546 0.182115 -0.019674
v -0.005546 0.185338 -0.019832
v -0.005546 0.188548 -0.019892
v -0.004836 0.140644 -0.025175
v -0.004836 0.137458 -0.025178
v -0.004836 0.134493 -0.025184
v -0.005335 0.140640 -0.023561
v -0.005335 0.137485 -0.023582
v -0.005335 0.134594 -0.023633
v -0.005519 0.140642 -0.021885
v -0.005519 0.137560 -0.021950
v -0.005519 0.134858 -0.022115
v -0.004900 0.140644 0.003401
v -0.005354 0.140640 0.001808
v -0.005522 0.140642 0.000140
v -0.004900 0.137458 0.003404
v -0.005354 0.137485 0.001829
v -0.005522 0.137560 0.000205
v -0.004900 0.134493 0.003410
v -0.005354 0.134594 0.001880
v -0.005522 0.134858 0.000370
v -0.004836 0.188604 -0.025186
v -0.004836 0.185610 -0.025184
v -0.004836 0.182982 -0.025178
v -0.005335 0.188592 -0.023650
v -0.005335 0.185564 -0.023629
v -0.005335 0.182863 -0.023582
v -0.005519 0.188574 -0.022188
v -0.005519 0.185468 -0.022128
v -0.005519 0.182573 -0.021978
v -0.004900 0.188604 0.003412
v -0.005354 0.188592 0.001897
v -0.005522 0.188573 0.000443
v -0.004900 0.185609 0.003410
v -0.005354 0.185563 0.001876
v -0.005522 0.185467 0.000383
v -0.004900 0.182980 0.003404
v -0.005354 0.182860 0.001830
v -0.005522 0.182571 0.000233
v -0.004900 0.172700 0.003401
v -0.005354 0.172692 0.001805
v -0.005522 0.172683 0.000131
v -0.004900 0.169275 0.003401
v -0.005354 0.169267 0.001805
v -0.005522 0.169258 0.000131
v -0.004900 0.165309 0.003401
v -0.005354 0.165302 0.001805
v -0.005522 0.165292 0.000131
v -0.004836 0.172722 -0.025175
v -0.004836 0.169293 -0.025175
v -0.004836 0.165321 -0.025175
v -0.005335 0.172714 -0.023558
v -0.005335 0.169285 -0.023558
v -0.005335 0.165313 -0.023558
v -0.005519 0.172705 -0.021876
v -0.005519 0.169276 -0.021876
v -0.005519 0.165304 -0.021876
v -0.004900 0.156625 0.003401
v -0.005354 0.156617 0.001805
v -0.005522 0.156608 0.000131
v -0.004900 0.152259 0.003401
v -0.005354 0.152251 0.001805
v -0.005522 0.152242 0.000131
v -0.004900 0.148059 0.003401
v -0.005354 0.148051 0.001805
v -0.005522 0.148042 0.000131
v -0.004836 0.156627 -0.025175
v -0.004836 0.152260 -0.025175
v -0.004836 0.148059 -0.025175
v -0.005335 0.156620 -0.023558
v -0.005335 0.152252 -0.023558
v -0.005335 0.148051 -0.023558
v -0.005519 0.156610 -0.021876
v -0.005519 0.152243 -0.021876
v -0.005519 0.148042 -0.021876
v 0.004812 0.156640 -0.032055
v 0.004812 0.152272 -0.032055
v 0.004812 0.148071 -0.032055
v 0.004548 0.156640 -0.031862
v 0.004548 0.152272 -0.031862
v 0.004548 0.148071 -0.031862
v 0.003970 0.156640 -0.031563
v 0.003970 0.152272 -0.031563
v 0.003970 0.148071 -0.031563
v 0.004812 0.172735 -0.032055
v 0.004812 0.169305 -0.032055
v 0.004812 0.165334 -0.032055
v 0.004548 0.172735 -0.031862
v 0.004548 0.169305 -0.031862
v 0.004548 0.165334 -0.031862
v 0.003970 0.172735 -0.031563
v 0.003970 0.169305 -0.031563
v 0.003970 0.165334 -0.031563
v 0.004812 0.188617 -0.032055
v 0.004812 0.185628 -0.032055
v 0.004812 0.183011 -0.032055
v 0.004548 0.188617 -0.031862
v 0.004548 0.185628 -0.031862
v 0.004548 0.183011 -0.031862
v 0.003970 0.188617 -0.031563
v 0.003970 0.185628 -0.031563
v 0.003970 0.183011 -0.031563
v 0.004812 0.140656 -0.032055
v 0.004812 0.137466 -0.032055
v 0.004812 0.134490 -0.032055
v 0.004548 0.140656 -0.031862
v 0.004548 0.137466 -0.031862
v 0.004548 0.134490 -0.031862
v 0.003970 0.140656 -0.031563
v 0.003970 0.137466 -0.031563
v 0.003970 0.134490 -0.031563
v 0.004528 0.156637 0.010159
v 0.004117 0.156637 0.009908
v 0.003419 0.156637 0.009556
v 0.004528 0.152272 0.010159
v 0.004117 0.152272 0.009908
v 0.003419 0.152272 0.009556
v 0.004528 0.148071 0.010159
v 0.004117 0.148071 0.009908
v 0.003419 0.148071 0.009556
v 0.004528 0.172713 0.010159
v 0.004117 0.172713 0.009908
v 0.003419 0.172713 0.009556
v 0.004528 0.169288 0.010159
v 0.004117 0.169288 0.009908
v 0.003419 0.169288 0.009556
v 0.004528 0.165322 0.010159
v 0.004117 0.165322 0.009908
v 0.003419 0.165322 0.009556
v 0.004528 0.188617 0.010159
v 0.004117 0.188617 0.009908
v 0.003419 0.188617 0.009556
v 0.004528 0.185627 0.010159
v 0.004117 0.185627 0.009908
v 0.003419 0.185627 0.009556
v 0.004528 0.183008 0.010159
v 0.004117 0.183008 0.009908
v 0.003419 0.183008 0.009556
v 0.004528 0.140656 0.010159
v 0.004117 0.140656 0.009908
v 0.003419 0.140656 0.009556
v 0.004528 0.137466 0.010159
v 0.004117 0.137466 0.009908
v 0.003419 0.137466 0.009556
v 0.004528 0.134490 0.010159
v 0.004117 0.134490 0.009908
v 0.003419 0.134490 0.009556
v 0.004976 0.134468 0.023385
v 0.004976 0.137287 0.023411
v 0.004976 0.140019 0.023465
v 0.004976 0.134460 0.020003
v 0.004976 0.137228 0.019998
v 0.004976 0.139818 0.019987
v 0.004976 0.134468 0.016748
v 0.004976 0.137287 0.016708
v 0.004976 0.140019 0.016619
v 0.005210 0.167284 0.025584
v 0.005210 0.169648 0.025999
v 0.005210 0.172012 0.025584
v 0.005339 0.167408 0.025294
v 0.005341 0.169648 0.025689
v 0.005339 0.171889 0.025294
v 0.005461 0.167617 0.024712
v 0.005467 0.169648 0.025059
v 0.005461 0.171680 0.024712
v 0.004976 0.177846 0.023465
v 0.004976 0.178598 0.023411
v 0.004976 0.179543 0.023385
v 0.004976 0.177988 0.019987
v 0.004976 0.178640 0.019998
v 0.004976 0.179548 0.020003
v 0.004976 0.177846 0.016619
v 0.004976 0.178598 0.016708
v 0.004976 0.179543 0.016748
v 0.004976 0.183008 0.023381
v 0.004976 0.185627 0.023381
v 0.004976 0.188617 0.023381
v 0.004976 0.183008 0.020003
v 0.004976 0.185627 0.020003
v 0.004976 0.188617 0.020003
v 0.004976 0.183008 0.016754
v 0.004976 0.185627 0.016754
v 0.004976 0.188617 0.016754
v 0.004976 0.134467 -0.044769
v 0.004976 0.134460 -0.041524
v 0.004976 0.134467 -0.038421
v 0.004976 0.137285 -0.044791
v 0.004976 0.137227 -0.041519
v 0.004976 0.137285 -0.038384
v 0.004976 0.140014 -0.044832
v 0.004976 0.139815 -0.041506
v 0.004976 0.140014 -0.038303
v 0.005210 0.145951 0.017500
v 0.005210 0.145496 0.019918
v 0.005210 0.145951 0.022336
v 0.005339 0.146261 0.017625
v 0.005341 0.145827 0.019918
v 0.005339 0.146261 0.022211
v 0.005461 0.146897 0.017839
v 0.005467 0.146516 0.019918
v 0.005461 0.146897 0.021997
v 0.004976 0.177870 -0.044832
v 0.004976 0.178012 -0.041506
v 0.004976 0.177870 -0.038303
v 0.004976 0.178616 -0.044791
v 0.004976 0.178658 -0.041519
v 0.004976 0.178616 -0.038384
v 0.004976 0.179554 -0.044769
v 0.004976 0.179560 -0.041524
v 0.004976 0.179554 -0.038421
v 0.004976 0.183011 -0.044766
v 0.004976 0.183011 -0.041525
v 0.004976 0.183011 -0.038426
v 0.004976 0.185628 -0.044766
v 0.004976 0.185628 -0.041525
v 0.004976 0.185628 -0.038426
v 0.004976 0.188617 -0.044766
v 0.004976 0.188617 -0.041525
v 0.004976 0.188617 -0.038426
v 0.004976 0.182991 0.032297
v 0.004976 0.185488 0.032248
v 0.004976 0.188171 0.032123
v 0.004976 0.183003 0.030781
v 0.004976 0.185583 0.030765
v 0.004976 0.188478 0.030727
v 0.004976 0.183008 0.028894
v 0.004976 0.185622 0.028892
v 0.004976 0.188600 0.028888
v 0.004976 0.177171 0.032309
v 0.004976 0.178404 0.032306
v 0.004976 0.179519 0.032305
v 0.004976 0.177212 0.030823
v 0.004976 0.178419 0.030795
v 0.004976 0.179520 0.030785
v 0.004976 0.177322 0.029009
v 0.004976 0.178456 0.028928
v 0.004976 0.179525 0.028899
v 0.004976 0.148070 0.032328
v 0.004976 0.152271 0.032334
v 0.004976 0.156639 0.032331
v 0.004976 0.148056 0.030969
v 0.004976 0.152269 0.031022
v 0.004976 0.156646 0.030994
v 0.004976 0.148041 0.029544
v 0.004976 0.152263 0.029723
v 0.004976 0.156643 0.029615
v 0.004976 0.134886 0.032123
v 0.004976 0.137589 0.032249
v 0.004976 0.140669 0.032302
v 0.004976 0.134613 0.030728
v 0.004976 0.137500 0.030777
v 0.004976 0.140646 0.030821
v 0.004976 0.134503 0.028892
v 0.004976 0.137448 0.028925
v 0.004976 0.140595 0.029008
v 0.004976 0.182993 -0.053866
v 0.004976 0.183005 -0.052203
v 0.004976 0.183010 -0.050220
v 0.004976 0.185489 -0.053810
v 0.004976 0.185584 -0.052184
v 0.004976 0.185623 -0.050218
v 0.004976 0.188171 -0.053668
v 0.004976 0.188478 -0.052141
v 0.004976 0.188600 -0.050213
v 0.004976 0.177193 -0.053878
v 0.004976 0.177234 -0.052238
v 0.004976 0.177345 -0.050315
v 0.004976 0.178422 -0.053875
v 0.004976 0.178436 -0.052214
v 0.004976 0.178473 -0.050248
v 0.004976 0.179530 -0.053874
v 0.004976 0.179532 -0.052206
v 0.004976 0.179537 -0.050224
v 0.004976 0.148068 -0.053895
v 0.004976 0.148047 -0.052374
v 0.004976 0.148008 -0.050815
v 0.004976 0.152270 -0.053902
v 0.004976 0.152256 -0.052425
v 0.004976 0.152216 -0.050986
v 0.004976 0.156639 -0.053898
v 0.004976 0.156634 -0.052396
v 0.004976 0.156593 -0.050875
v 0.004976 0.134886 -0.053668
v 0.004976 0.134613 -0.052142
v 0.004976 0.134503 -0.050216
v 0.004976 0.137589 -0.053811
v 0.004976 0.137499 -0.052194
v 0.004976 0.137447 -0.050245
v 0.004976 0.140669 -0.053870
v 0.004976 0.140644 -0.052235
v 0.004976 0.140590 -0.050315
v 0.004976 0.165323 0.032331
v 0.004976 0.169290 0.032334
v 0.004976 0.172719 0.032328
v 0.004976 0.165333 0.030994
v 0.004976 0.169307 0.031022
v 0.004976 0.172760 0.030969
v 0.004976 0.165377 0.029615
v 0.004976 0.169351 0.029723
v 0.004976 0.172852 0.029544
v 0.005210 0.145841 -0.043673
v 0.005210 0.145443 -0.041430
v 0.005210 0.145876 -0.039186
v 0.005339 0.146132 -0.043554
v 0.005341 0.145763 -0.041430
v 0.005339 0.146189 -0.039305
v 0.005461 0.146728 -0.043355
v 0.005467 0.146418 -0.041430
v 0.005461 0.146811 -0.039504
v 0.004528 0.179518 0.010159
v 0.004117 0.179518 0.009908
v 0.003419 0.179518 0.009556
v 0.004528 0.178402 0.010159
v 0.004117 0.178402 0.009908
v 0.003419 0.178402 0.009556
v 0.004528 0.177165 0.010159
v 0.004117 0.177165 0.009908
v 0.003419 0.177165 0.009556
v -0.004900 0.179490 0.003398
v -0.005354 0.179370 0.001784
v -0.005522 0.179067 0.000058
v -0.004900 0.178384 0.003400
v -0.005354 0.178337 0.001797
v -0.005522 0.178233 0.000106
v -0.004900 0.177152 0.003401
v -0.005354 0.177139 0.001804
v -0.005522 0.177118 0.000128
v 0.000816 0.179518 0.008300
v -0.000925 0.179518 0.007348
v -0.002624 0.179516 0.006202
v 0.000816 0.178402 0.008300
v -0.000925 0.178401 0.007348
v -0.002624 0.178399 0.006202
v 0.000816 0.177165 0.008300
v -0.000925 0.177164 0.007348
v -0.002624 0.177162 0.006202
v 0.004973 0.165377 0.011464
v 0.004973 0.169351 0.011389
v 0.004973 0.172852 0.011558
v 0.004948 0.165333 0.010964
v 0.004948 0.169307 0.010946
v 0.004948 0.172760 0.010996
v 0.004882 0.165323 0.010621
v 0.004882 0.169290 0.010619
v 0.004882 0.172719 0.010625
v 0.004976 0.165334 -0.053898
v 0.004976 0.165338 -0.052396
v 0.004976 0.165367 -0.050875
v 0.004976 0.169307 -0.053902
v 0.004976 0.169322 -0.052425
v 0.004976 0.169362 -0.050986
v 0.004976 0.172741 -0.053895
v 0.004976 0.172782 -0.052374
v 0.004976 0.172875 -0.050815
v 0.005210 0.149511 0.025584
v 0.005210 0.152161 0.025999
v 0.005210 0.154812 0.025584
v 0.005339 0.149645 0.025294
v 0.005341 0.152161 0.025689
v 0.005339 0.154678 0.025294
v 0.005461 0.149878 0.024712
v 0.005467 0.152161 0.025059
v 0.005461 0.154444 0.024712
v 0.004812 0.179530 -0.032055
v 0.004812 0.178420 -0.032055
v 0.004812 0.177187 -0.032055
v 0.004548 0.179530 -0.031862
v 0.004548 0.178420 -0.031862
v 0.004548 0.177187 -0.031862
v 0.003970 0.179530 -0.031563
v 0.003970 0.178420 -0.031563
v 0.003970 0.177187 -0.031563
v -0.004836 0.179501 -0.025172
v -0.004836 0.178401 -0.025174
v -0.004836 0.177174 -0.025175
v -0.005335 0.179381 -0.023537
v -0.005335 0.178355 -0.023550
v -0.005335 0.177161 -0.023557
v -0.005519 0.179078 -0.021804
v -0.005519 0.178251 -0.021851
v -0.005519 0.177140 -0.021873
v 0.001367 0.179530 -0.030306
v 0.001367 0.178419 -0.030306
v 0.001367 0.177187 -0.030306
v -0.000493 0.179529 -0.029297
v -0.000493 0.178419 -0.029297
v -0.000493 0.177186 -0.029297
v -0.002340 0.179527 -0.028080
v -0.002340 0.178417 -0.028080
v -0.002340 0.177184 -0.028080
v 0.004975 0.165367 -0.033368
v 0.004967 0.165338 -0.032838
v 0.004946 0.165334 -0.032474
v 0.004975 0.169362 -0.033296
v 0.004967 0.169322 -0.032821
v 0.004946 0.169307 -0.032472
v 0.004975 0.172875 -0.033455
v 0.004967 0.172782 -0.032868
v 0.004946 0.172741 -0.032478
v 0.004978 0.148615 0.027176
v 0.004978 0.152210 0.027631
v 0.004978 0.155855 0.027233
v 0.004992 0.149048 0.026493
v 0.004992 0.152177 0.026954
v 0.004992 0.155319 0.026512
v 0.005028 0.149301 0.026049
v 0.005028 0.152163 0.026495
v 0.005028 0.155027 0.026052
v 0.004978 0.160154 0.023143
v 0.004978 0.160474 0.019936
v 0.004978 0.160154 0.016757
v 0.004992 0.159345 0.022774
v 0.004992 0.159796 0.019924
v 0.004992 0.159345 0.017082
v 0.005028 0.158848 0.022541
v 0.005028 0.159328 0.019919
v 0.005028 0.158848 0.017297
v 0.004978 0.155855 0.012816
v 0.004978 0.152210 0.012455
v 0.004978 0.148615 0.012897
v 0.004992 0.155319 0.013384
v 0.004992 0.152177 0.012954
v 0.004992 0.149048 0.013411
v 0.005028 0.155027 0.013792
v 0.005028 0.152163 0.013350
v 0.005028 0.149301 0.013795
v 0.004978 0.143985 0.016833
v 0.004978 0.143480 0.019946
v 0.004978 0.143985 0.023097
v 0.004992 0.144932 0.017109
v 0.004992 0.144428 0.019927
v 0.004992 0.144932 0.022756
v 0.005028 0.145469 0.017301
v 0.005028 0.144983 0.019919
v 0.005028 0.145469 0.022539
v 0.004978 0.143950 -0.044438
v 0.004978 0.143460 -0.041461
v 0.004978 0.143951 -0.038525
v 0.004992 0.144874 -0.044093
v 0.004992 0.144396 -0.041440
v 0.004992 0.144877 -0.038798
v 0.005028 0.145390 -0.043875
v 0.005028 0.144940 -0.041431
v 0.005028 0.145398 -0.038988
v 0.004978 0.148458 -0.034818
v 0.004978 0.151967 -0.034403
v 0.004978 0.155536 -0.034744
v 0.004992 0.148805 -0.035334
v 0.004992 0.151797 -0.034906
v 0.004992 0.154802 -0.035310
v 0.005028 0.148990 -0.035719
v 0.005028 0.151672 -0.035303
v 0.005028 0.154352 -0.035716
v 0.004978 0.159710 -0.038457
v 0.004978 0.160005 -0.041450
v 0.004978 0.159709 -0.044473
v 0.004992 0.158632 -0.038774
v 0.004992 0.159051 -0.041437
v 0.004992 0.158622 -0.044108
v 0.005028 0.157906 -0.038985
v 0.005028 0.158337 -0.041430
v 0.005028 0.157873 -0.043877
v 0.004978 0.155533 -0.048352
v 0.004978 0.151965 -0.048735
v 0.004978 0.148457 -0.048304
v 0.004992 0.154784 -0.047616
v 0.004992 0.151781 -0.048033
v 0.004992 0.148795 -0.047601
v 0.005028 0.154291 -0.047152
v 0.005028 0.151621 -0.047566
v 0.005028 0.148955 -0.047150
v 0.004978 0.166236 0.027233
v 0.004978 0.169524 0.027631
v 0.004978 0.172660 0.027176
v 0.004992 0.166777 0.026512
v 0.004992 0.169608 0.026954
v 0.004992 0.172397 0.026493
v 0.005028 0.167071 0.026052
v 0.005028 0.169643 0.026495
v 0.005028 0.172210 0.026049
v 0.004978 0.176525 0.023097
v 0.004978 0.176934 0.019946
v 0.004978 0.176525 0.016833
v 0.004992 0.176023 0.022756
v 0.004992 0.176462 0.019927
v 0.004992 0.176023 0.017109
v 0.005028 0.175642 0.022539
v 0.005028 0.176078 0.019919
v 0.005028 0.175642 0.017301
v 0.004978 0.172660 0.012897
v 0.004978 0.169524 0.012455
v 0.004978 0.166236 0.012816
v 0.004992 0.172397 0.013411
v 0.004992 0.169608 0.012954
v 0.004992 0.166777 0.013384
v 0.005028 0.172210 0.013795
v 0.005028 0.169643 0.013350
v 0.005028 0.167071 0.013792
v 0.004978 0.162336 0.016757
v 0.004978 0.162064 0.019936
v 0.004978 0.162336 0.023143
v 0.004992 0.163142 0.017082
v 0.004992 0.162740 0.019924
v 0.004992 0.163142 0.022774
v 0.005028 0.163638 0.017297
v 0.005028 0.163207 0.019919
v 0.005028 0.163638 0.022541
v 0.004978 0.162260 -0.044481
v 0.004978 0.161973 -0.041456
v 0.004978 0.162260 -0.038460
v 0.004992 0.163122 -0.044168
v 0.004992 0.162714 -0.041483
v 0.004992 0.163122 -0.038804
v 0.005028 0.163637 -0.044078
v 0.005028 0.163205 -0.041588
v 0.005028 0.163637 -0.039089
v 0.004978 0.166226 -0.034745
v 0.004978 0.169535 -0.034404
v 0.004978 0.172684 -0.034818
v 0.004992 0.166782 -0.035317
v 0.004992 0.169623 -0.034908
v 0.004992 0.172421 -0.035334
v 0.005028 0.167082 -0.035739
v 0.005028 0.169661 -0.035310
v 0.005028 0.172235 -0.035719
v 0.004978 0.176557 -0.038526
v 0.004978 0.176967 -0.041461
v 0.004978 0.176557 -0.044438
v 0.004992 0.176056 -0.038798
v 0.004992 0.176496 -0.041442
v 0.004992 0.176056 -0.044100
v 0.005028 0.175676 -0.038989
v 0.005028 0.176112 -0.041438
v 0.005028 0.175676 -0.043898
v 0.004978 0.172684 -0.048308
v 0.004978 0.169535 -0.048741
v 0.004978 0.166226 -0.048359
v 0.004992 0.172421 -0.047632
v 0.004992 0.169623 -0.048080
v 0.004992 0.166782 -0.047676
v 0.005028 0.172235 -0.047254
v 0.005028 0.169661 -0.047724
v 0.005028 0.167082 -0.047353
v 0.005614 0.149894 0.021982
v 0.005633 0.152161 0.022093
v 0.005614 0.154428 0.021982
v 0.005633 0.149773 0.019918
v 0.005655 0.152161 0.019918
v 0.005633 0.154550 0.019918
v 0.005614 0.149894 0.017853
v 0.005633 0.152161 0.017743
v 0.005614 0.154428 0.017853
v 0.005614 0.149513 -0.043341
v 0.005633 0.149492 -0.041430
v 0.005614 0.149682 -0.039518
v 0.005633 0.151614 -0.043444
v 0.005655 0.151729 -0.041430
v 0.005633 0.151822 -0.039415
v 0.005614 0.153711 -0.043341
v 0.005633 0.153944 -0.041430
v 0.005614 0.153923 -0.039518
v 0.005614 0.167631 0.021982
v 0.005633 0.169648 0.022093
v 0.005614 0.171665 0.021982
v 0.005633 0.167523 0.019918
v 0.005655 0.169648 0.019918
v 0.005633 0.171774 0.019918
v 0.005614 0.167631 0.017853
v 0.005633 0.169648 0.017743
v 0.005614 0.171665 0.017853
v 0.005614 0.167644 -0.044943
v 0.005633 0.167535 -0.042775
v 0.005614 0.167644 -0.040496
v 0.005633 0.169666 -0.044790
v 0.005655 0.169666 -0.042505
v 0.005633 0.169666 -0.040153
v 0.005614 0.171689 -0.044320
v 0.005633 0.171798 -0.042167
v 0.005614 0.171689 -0.040003
v 0.005210 0.153837 -0.046686
v 0.005210 0.151430 -0.047071
v 0.005210 0.149040 -0.046686
v 0.005339 0.153693 -0.046411
v 0.005341 0.151410 -0.046777
v 0.005339 0.149149 -0.046411
v 0.005461 0.153520 -0.045870
v 0.005467 0.151437 -0.046192
v 0.005461 0.149378 -0.045870
v 0.005210 0.164112 -0.044568
v 0.005210 0.163705 -0.042135
v 0.005210 0.164112 -0.039654
v 0.005339 0.164398 -0.044873
v 0.005341 0.164011 -0.042494
v 0.005339 0.164398 -0.040037
v 0.005461 0.164969 -0.044953
v 0.005467 0.164629 -0.042774
v 0.005461 0.164969 -0.040482
v 0.005210 0.158372 0.022336
v 0.005210 0.158827 0.019918
v 0.005210 0.158372 0.017500
v 0.005339 0.158062 0.022211
v 0.005341 0.158496 0.019918
v 0.005339 0.158062 0.017625
v 0.005461 0.157426 0.021997
v 0.005467 0.157807 0.019918
v 0.005461 0.157426 0.017839
v 0.005210 0.164109 0.017500
v 0.005210 0.163704 0.019918
v 0.005210 0.164109 0.022336
v 0.005339 0.164394 0.017625
v 0.005341 0.164009 0.019918
v 0.005339 0.164394 0.022211
v 0.005461 0.164964 0.017839
v 0.005467 0.164625 0.019918
v 0.005461 0.164964 0.021997
v 0.005210 0.149197 -0.036173
v 0.005210 0.151659 -0.035788
v 0.005210 0.154105 -0.036173
v 0.005339 0.149385 -0.036448
v 0.005341 0.151742 -0.036082
v 0.005339 0.154073 -0.036448
v 0.005461 0.149669 -0.036989
v 0.005467 0.151823 -0.036667
v 0.005461 0.153939 -0.036989
v 0.005210 0.172037 -0.047154
v 0.005210 0.169666 -0.047776
v 0.005210 0.167296 -0.047581
v 0.005339 0.171913 -0.047144
v 0.005341 0.169666 -0.047842
v 0.005339 0.167419 -0.047730
v 0.005461 0.171704 -0.046848
v 0.005467 0.169666 -0.047536
v 0.005461 0.167629 -0.047467
v 0.005210 0.154812 0.014252
v 0.005210 0.152161 0.013837
v 0.005210 0.149511 0.014252
v 0.005339 0.154678 0.014541
v 0.005341 0.152161 0.014147
v 0.005339 0.149645 0.014541
v 0.005461 0.154444 0.015124
v 0.005467 0.152161 0.014777
v 0.005461 0.149878 0.015124
v 0.005210 0.175187 0.022336
v 0.005210 0.175593 0.019918
v 0.005210 0.175187 0.017500
v 0.005339 0.174902 0.022211
v 0.005341 0.175288 0.019918
v 0.005339 0.174902 0.017625
v 0.005461 0.174332 0.021997
v 0.005467 0.174672 0.019918
v 0.005461 0.174332 0.017839
v 0.005210 0.157304 -0.039186
v 0.005210 0.157647 -0.041430
v 0.005210 0.157157 -0.043673
v 0.005339 0.157090 -0.039305
v 0.005341 0.157390 -0.041430
v 0.005339 0.156890 -0.043554
v 0.005461 0.156589 -0.039504
v 0.005467 0.156842 -0.041430
v 0.005461 0.156378 -0.043355
v 0.005210 0.167296 -0.036283
v 0.005210 0.169666 -0.035825
v 0.005210 0.172037 -0.036181
v 0.005339 0.167419 -0.036656
v 0.005341 0.169666 -0.036174
v 0.005339 0.171913 -0.036489
v 0.005461 0.167629 -0.037361
v 0.005467 0.169666 -0.036880
v 0.005461 0.171704 -0.037115
v 0.005210 0.172012 0.014252
v 0.005210 0.169648 0.013837
v 0.005210 0.167284 0.014252
v 0.005339 0.171889 0.014541
v 0.005341 0.169648 0.014147
v 0.005339 0.167408 0.014541
v 0.005461 0.171680 0.015124
v 0.005467 0.169648 0.014777
v 0.005461 0.167617 0.015124
v 0.005210 0.175221 -0.039194
v 0.005210 0.175627 -0.041466
v 0.005210 0.175221 -0.043783
v 0.005339 0.174935 -0.039347
v 0.005341 0.175322 -0.041522
v 0.005339 0.174935 -0.043763
v 0.005461 0.174364 -0.039630
v 0.005467 0.174704 -0.041642
v 0.005461 0.174364 -0.043727
v -0.005546 0.182114 -0.002070
v -0.005546 0.185337 -0.001912
v -0.005546 0.188548 -0.001852
v -0.005546 0.182105 -0.002724
v -0.005546 0.185325 -0.002673
v -0.005546 0.188540 -0.002652
v -0.005546 0.182066 -0.003322
v -0.005546 0.185295 -0.003316
v -0.005546 0.188524 -0.003313
v -0.005546 0.181830 -0.004486
v -0.005546 0.185137 -0.004486
v -0.005546 0.188445 -0.004486
v -0.005546 0.181671 -0.005067
v -0.005546 0.185031 -0.005067
v -0.005546 0.188392 -0.005067
v -0.005546 0.181542 -0.005647
v -0.005546 0.184945 -0.005647
v -0.005546 0.188349 -0.005647
v -0.005546 0.181539 -0.006808
v -0.005546 0.184944 -0.006808
v -0.005546 0.188348 -0.006808
v -0.005546 0.181650 -0.007389
v -0.005546 0.185018 -0.007389
v -0.005546 0.188385 -0.007389
v -0.005546 0.181762 -0.007969
v -0.005546 0.185092 -0.007969
v -0.005546 0.188422 -0.007969
v -0.005546 0.181762 -0.009130
v -0.005546 0.185092 -0.009130
v -0.005546 0.188422 -0.009130
v -0.005546 0.181650 -0.009711
v -0.005546 0.185018 -0.009711
v -0.005546 0.188385 -0.009711
v -0.005546 0.181539 -0.010291
v -0.005546 0.184944 -0.010291
v -0.005546 0.188348 -0.010291
v -0.005546 0.181539 -0.011453
v -0.005546 0.184944 -0.011453
v -0.005546 0.188348 -0.011453
v -0.005546 0.181650 -0.012033
v -0.005546 0.185018 -0.012033
v -0.005546 0.188385 -0.012033
v -0.005546 0.181762 -0.012614
v -0.005546 0.185092 -0.012614
v -0.005546 0.188422 -0.012614
v -0.005546 0.181762 -0.013775
v -0.005546 0.185092 -0.013775
v -0.005546 0.188422 -0.013775
v -0.005546 0.181650 -0.014355
v -0.005546 0.185018 -0.014355
v -0.005546 0.188385 -0.014355
v -0.005546 0.181539 -0.014936
v -0.005546 0.184944 -0.014936
v -0.005546 0.188348 -0.014936
v -0.005546 0.181542 -0.016097
v -0.005546 0.184945 -0.016097
v -0.005546 0.188349 -0.016097
v -0.005546 0.181671 -0.016677
v -0.005546 0.185031 -0.016677
v -0.005546 0.188392 -0.016677
v -0.005546 0.181830 -0.017258
v -0.005546 0.185137 -0.017258
v -0.005546 0.188445 -0.017258
v 0.005901 0.219316 -0.161064
v 0.005900 0.192104 -0.161064
v 0.005901 0.219316 -0.171562
v 0.005900 0.192104 -0.171562
v 0.004846 0.219316 -0.161064
v 0.004846 0.192104 -0.161064
v 0.004846 0.219316 -0.171562
v 0.004846 0.192104 -0.171562
v 0.005900 -0.219316 -0.161064
v 0.005900 -0.192104 -0.161064
v 0.005900 -0.219316 -0.171562
v 0.005900 -0.192104 -0.171562
v 0.004846 -0.219316 -0.161064
v 0.004846 -0.192104 -0.161064
v 0.004846 -0.219316 -0.171562
v 0.004846 -0.192104 -0.171562
v 0.005901 0.219316 0.161064
v 0.005901 0.192104 0.161064
v 0.005901 0.219316 0.171562
v 0.005901 0.192104 0.171562
v 0.004846 0.219316 0.161064
v 0.004846 0.192104 0.161064
v 0.004846 0.219316 0.171562
v 0.004846 0.192104 0.171562
v 0.005900 -0.219316 0.161064
v 0.005900 -0.192104 0.161064
v 0.005900 -0.219316 0.171562
v 0.005900 -0.192104 0.171562
v 0.004846 -0.219316 0.161064
v 0.004846 -0.192104 0.161064
v 0.004846 -0.219316 0.171562
v 0.004846 -0.192104 0.171562
v 0.005901 0.125449 -0.283193
v 0.005900 0.125449 -0.310405
v 0.005901 0.135947 -0.283193
v 0.005901 0.135947 -0.310405
v 0.004846 0.125449 -0.283193
v 0.004846 0.125449 -0.310405
v 0.004846 0.135947 -0.283193
v 0.004846 0.135947 -0.310405
v 0.005900 -0.125449 -0.283193
v 0.005900 -0.125449 -0.310405
v 0.005900 -0.135947 -0.283193
v 0.005900 -0.135947 -0.310405
v 0.004846 -0.125449 -0.283193
v 0.004846 -0.125449 -0.310405
v 0.004846 -0.135947 -0.283193
v 0.004846 -0.135947 -0.310405
v 0.005901 0.125449 0.283193
v 0.005900 0.125449 0.310405
v 0.005901 0.135947 0.283193
v 0.005901 0.135947 0.310405
v 0.004846 0.125449 0.283193
v 0.004846 0.125449 0.310405
v 0.004846 0.135947 0.283193
v 0.004846 0.135947 0.310405
v 0.005900 -0.125449 0.283193
v 0.005900 -0.125449 0.310405
v 0.005900 -0.135947 0.283193
v 0.005900 -0.135947 0.310405
v 0.004846 -0.125449 0.283193
v 0.004846 -0.125449 0.310405
v 0.004846 -0.135947 0.283193
v 0.004846 -0.135947 0.310405
v 0.005900 -0.219316 0.161064
v 0.005900 -0.219316 0.171562
v 0.004846 -0.219316 0.161064
v 0.004846 -0.219316 0.171562
vn -1.0000 -0.0000 -0.0000
vn -1.0000 -0.0000 -0.0041
vn -0.9997 -0.0000 -0.0232
vn -0.9954 -0.0000 -0.0962
vn -1.0000 -0.0000 -0.0003
vn -0.9521 -0.0000 -0.3058
vn -0.4571 -0.0000 -0.8894
vn -0.5143 -0.0000 -0.8576
vn -0.6148 -0.0000 -0.7887
vn -0.4342 -0.0000 -0.9008
vn -0.6149 -0.0000 -0.7886
vn -0.7662 0.0004 -0.6426
vn -0.7669 0.0004 -0.6417
vn -0.7676 0.0002 -0.6410
vn -0.7679 0.0001 -0.6406
vn -0.7680 -0.0000 -0.6405
vn -0.9999 -0.0000 0.0125
vn -0.9974 -0.0000 0.0715
vn -0.9630 -0.0000 0.2694
vn -1.0000 -0.0000 0.0010
vn -0.8192 -0.0000 0.5735
vn -0.9630 -0.0000 0.2695
vn -0.4588 -0.0000 0.8885
vn -0.5206 -0.0000 0.8538
vn -0.6282 -0.0000 0.7781
vn -0.4341 -0.0000 0.9009
vn -0.7846 -0.0000 0.6200
vn -0.7845 0.0001 0.6201
vn -0.7842 0.0002 0.6205
vn -0.7836 0.0004 0.6213
vn -0.7828 0.0004 0.6223
vn -0.6283 -0.0000 0.7780
vn -0.5207 -0.0000 0.8538
vn -0.6281 -0.0000 0.7781
vn -0.7832 -0.0000 0.6217
vn -0.7835 -0.0001 0.6214
vn -0.7838 -0.0002 0.6210
vn -0.7843 -0.0003 0.6204
vn -0.7847 -0.0002 0.6199
vn -0.9999 -0.0011 0.0140
vn -0.9999 -0.0006 0.0128
vn -0.9973 -0.0013 0.0740
vn -0.9968 -0.0022 0.0795
vn -0.9999 -0.0002 0.0125
vn -0.9974 -0.0004 0.0719
vn -0.9619 -0.0011 0.2734
vn -0.9597 -0.0018 0.2811
vn -0.9628 -0.0004 0.2703
vn -1.0000 -0.0008 0.0017
vn -1.0000 -0.0001 0.0010
vn -0.9999 -0.0015 0.0171
vn -0.8189 -0.0001 0.5739
vn -0.8179 -0.0003 0.5753
vn -0.8157 -0.0005 0.5785
vn -0.9554 -0.0019 0.2952
vn -0.8119 -0.0005 0.5838
vn -0.9959 -0.0027 0.0907
vn -0.7681 -0.0002 -0.6403
vn -0.7676 -0.0003 -0.6409
vn -0.7671 -0.0002 -0.6415
vn -0.7668 -0.0001 -0.6418
vn -0.7666 -0.0000 -0.6421
vn -1.0000 -0.0003 -0.0046
vn -0.9997 -0.0007 -0.0256
vn -0.9997 -0.0004 -0.0240
vn -1.0000 -0.0002 -0.0042
vn -0.9950 -0.0005 -0.1001
vn -0.9952 -0.0003 -0.0975
vn -0.9997 -0.0001 -0.0234
vn -1.0000 -0.0001 -0.0041
vn -0.9953 -0.0001 -0.0965
vn -1.0000 -0.0007 -0.0009
vn -1.0000 -0.0005 -0.0055
vn -0.9996 -0.0008 -0.0289
vn -0.9945 -0.0006 -0.1049
vn -0.9507 -0.0002 -0.3101
vn -0.9514 -0.0002 -0.3079
vn -0.9519 -0.0001 -0.3065
vn -0.9520 -0.0000 -0.3060
vn -1.0000 0.0003 -0.0073
vn -0.9994 0.0005 -0.0338
vn -0.9993 0.0001 -0.0374
vn -1.0000 0.0001 -0.0087
vn -0.9938 0.0003 -0.1108
vn -0.9934 0.0001 -0.1148
vn -0.9993 -0.0002 -0.0368
vn -1.0000 -0.0001 -0.0081
vn -0.9934 -0.0001 -0.1144
vn -1.0000 0.0004 -0.0007
vn -1.0000 0.0003 -0.0055
vn -1.0000 0.0003 -0.0018
vn -0.9996 0.0005 -0.0289
vn -0.9945 0.0003 -0.1047
vn -0.9507 0.0001 -0.3101
vn -0.9498 0.0001 -0.3128
vn -0.9493 -0.0000 -0.3144
vn -0.9493 -0.0000 -0.3143
vn -0.9495 -0.0000 -0.3138
vn -0.9936 -0.0000 -0.1132
vn -0.9994 -0.0000 -0.0355
vn -1.0000 -0.0000 -0.0073
vn -1.0000 -0.0002 -0.0016
vn -1.0000 -0.0000 -0.0007
vn -1.0000 -0.0000 -0.0024
vn -0.9997 0.0010 0.0232
vn -0.9996 0.0002 0.0281
vn -0.9928 0.0004 0.1200
vn -0.9942 0.0016 0.1075
vn -0.9997 -0.0005 0.0261
vn -0.9930 -0.0006 0.1181
vn -0.9458 0.0003 0.3248
vn -0.9498 0.0011 0.3127
vn -0.9461 -0.0003 0.3240
vn -1.0000 0.0005 0.0015
vn -1.0000 0.0005 0.0033
vn -0.9999 0.0009 0.0170
vn -1.0000 0.0001 0.0044
vn -1.0000 -0.0003 0.0033
vn -1.0000 -0.0000 0.0017
vn -0.9997 -0.0000 0.0233
vn -0.9935 -0.0000 0.1136
vn -0.9473 -0.0000 0.3204
vn -0.8056 -0.0000 0.5925
vn -0.8048 -0.0001 0.5935
vn -0.8047 0.0001 0.5937
vn -0.8074 0.0003 0.5900
vn -0.9556 0.0011 0.2946
vn -0.8119 0.0003 0.5838
vn -0.9959 0.0016 0.0905
vn -0.9999 0.0001 0.0126
vn -0.9999 0.0002 0.0129
vn -0.9973 0.0005 0.0741
vn -0.9974 0.0002 0.0720
vn -0.9999 0.0005 0.0140
vn -0.9968 0.0010 0.0794
vn -0.9619 0.0004 0.2734
vn -0.9628 0.0001 0.2703
vn -0.9597 0.0008 0.2809
vn -1.0000 0.0001 0.0010
vn -0.8157 0.0002 0.5785
vn -0.8180 0.0001 0.5753
vn -0.8189 -0.0000 0.5739
vn -0.9630 -0.0000 0.2696
vn -0.8192 -0.0000 0.5736
vn -0.9974 -0.0000 0.0716
vn -0.9997 -0.0000 -0.0234
vn -0.9997 0.0001 -0.0240
vn -1.0000 0.0001 -0.0042
vn -0.9953 -0.0000 -0.0965
vn -0.9952 0.0001 -0.0975
vn -0.9997 0.0003 -0.0256
vn -1.0000 0.0001 -0.0046
vn -0.9950 0.0002 -0.1001
vn -0.9997 -0.0000 -0.0233
vn -0.9519 -0.0000 -0.3065
vn -0.9514 0.0001 -0.3078
vn -0.9999 -0.0000 -0.0103
vn -0.9999 -0.0001 -0.0103
vn -0.9999 -0.0005 -0.0101
vn -1.0000 -0.0012 -0.0092
vn -1.0000 0.0004 -0.0085
vn -0.9092 0.0004 -0.4163
vn -0.9082 0.0013 -0.4185
vn -0.9786 0.0026 -0.2057
vn -0.9794 0.0007 -0.2020
vn -0.9060 0.0023 -0.4233
vn -0.9767 0.0050 -0.2147
vn -0.9979 0.0020 -0.0644
vn -0.9981 0.0006 -0.0623
vn -0.9975 0.0048 -0.0710
vn -0.9095 -0.0000 -0.4157
vn -0.9012 0.0025 -0.4335
vn -0.9698 0.0056 -0.2439
vn -0.9941 0.0072 -0.1081
vn -0.9997 0.0049 -0.0235
vn -0.9998 0.0027 -0.0192
vn -0.9999 0.0010 -0.0163
vn -0.9999 0.0003 -0.0155
vn -0.9981 0.0001 -0.0619
vn -0.9999 -0.0000 -0.0153
vn -0.9796 0.0001 -0.2012
vn -0.9195 0.0004 0.3932
vn -0.9824 0.0007 0.1870
vn -0.9817 0.0024 0.1904
vn -0.9185 0.0012 0.3953
vn -0.9984 0.0005 0.0571
vn -0.9983 0.0018 0.0589
vn -0.9800 0.0046 0.1989
vn -0.9166 0.0021 0.3999
vn -0.9979 0.0044 0.0650
vn -0.9197 -0.0000 0.3926
vn -0.9825 0.0001 0.1862
vn -0.9984 0.0001 0.0567
vn -0.9999 -0.0000 0.0140
vn -0.9999 0.0002 0.0141
vn -0.9999 0.0009 0.0149
vn -0.9998 0.0025 0.0175
vn -0.9998 0.0045 0.0214
vn -0.9950 0.0066 0.0992
vn -0.9740 0.0052 0.2266
vn -0.9120 0.0024 0.4101
vn -0.9057 -0.0004 -0.4238
vn -0.9067 -0.0013 -0.4217
vn -0.9772 -0.0025 -0.2122
vn -0.9765 -0.0008 -0.2156
vn -0.9084 -0.0019 -0.4182
vn -0.9785 -0.0039 -0.2062
vn -0.9975 -0.0019 -0.0705
vn -0.9974 -0.0006 -0.0724
vn -0.9978 -0.0034 -0.0663
vn -0.9053 -0.0001 -0.4248
vn -0.9098 -0.0012 -0.4151
vn -0.9797 -0.0026 -0.2003
vn -0.9981 -0.0019 -0.0608
vn -0.9973 -0.0001 -0.0730
vn -0.9762 -0.0002 -0.2168
vn -0.9163 -0.0004 0.4004
vn -0.9799 -0.0007 0.1997
vn -0.9805 -0.0023 0.1966
vn -0.9172 -0.0012 0.3984
vn -0.9978 -0.0006 0.0663
vn -0.9979 -0.0018 0.0646
vn -0.9816 -0.0036 0.1909
vn -0.9187 -0.0018 0.3950
vn -0.9982 -0.0031 0.0607
vn -0.9159 -0.0001 0.4014
vn -0.9796 -0.0002 0.2008
vn -0.9978 -0.0001 0.0669
vn -1.0000 -0.0000 0.0094
vn -1.0000 -0.0001 0.0094
vn -1.0000 -0.0004 0.0092
vn -1.0000 -0.0011 0.0084
vn -1.0000 0.0004 0.0078
vn -0.9984 -0.0018 0.0557
vn -0.9827 -0.0024 0.1853
vn -0.9200 -0.0012 0.3920
vn -0.9197 -0.0000 0.3925
vn -0.9825 -0.0000 0.1861
vn -0.9984 -0.0000 0.0567
vn -0.9198 -0.0000 0.3925
vn -0.9825 0.0001 0.1861
vn -0.9999 -0.0000 0.0139
vn -0.9095 -0.0000 -0.4156
vn -0.9796 -0.0000 -0.2011
vn -0.9981 -0.0000 -0.0619
vn -0.9796 0.0001 -0.2010
vn -0.7700 -0.0000 -0.6380
vn -0.5286 -0.0000 -0.8489
vn -0.4457 -0.0000 -0.8952
vn -0.4458 -0.0000 -0.8952
vn -0.9498 -0.0001 -0.3128
vn -0.6121 -0.0000 0.7908
vn -0.4863 -0.0000 0.8738
vn -0.4405 -0.0000 0.8978
vn -0.8074 -0.0003 0.5900
vn -0.8048 0.0001 0.5935
vn -0.8047 -0.0001 0.5937
vn -1.0000 0.0003 -0.0003
vn -1.0000 0.0005 -0.0001
vn -1.0000 0.0005 -0.0000
vn -1.0000 0.0005 0.0001
vn -0.9038 0.1544 -0.3990
vn -0.9013 -0.0000 -0.4331
vn -0.9550 -0.0000 -0.2965
vn -0.9556 0.1043 -0.2755
vn -0.9038 -0.1544 -0.3991
vn -0.9556 -0.1043 -0.2755
vn -0.9894 -0.0000 -0.1451
vn -0.9889 0.0531 -0.1388
vn -0.9889 -0.0531 -0.1388
vn -0.9451 0.2365 -0.2255
vn -0.9413 0.1231 -0.3142
vn -0.9056 0.3035 -0.2964
vn -0.9386 -0.0005 -0.3451
vn -0.9404 -0.1250 -0.3164
vn -0.9431 -0.2411 -0.2290
vn -0.9056 -0.3035 -0.2964
vn -0.9555 -0.2092 -0.2081
vn -0.9881 -0.1087 -0.1087
vn -0.9966 -0.0579 -0.0592
vn -0.9976 -0.0296 -0.0627
vn -0.9980 -0.0000 -0.0630
vn -0.9976 0.0296 -0.0627
vn -0.9881 0.1087 -0.1087
vn -0.9966 0.0579 -0.0592
vn -0.9555 0.2092 -0.2081
vn -1.0000 -0.0005 -0.0004
vn -1.0000 -0.0011 -0.0003
vn -1.0000 -0.0012 0.0003
vn -1.0000 -0.0015 -0.0000
vn -1.0000 0.0003 0.0003
vn -0.9075 0.3885 0.1596
vn -0.9053 0.4247 -0.0000
vn -0.9578 0.2874 -0.0000
vn -0.9588 0.2618 0.1105
vn -0.9075 0.3885 -0.1596
vn -0.9588 0.2618 -0.1105
vn -0.9905 0.1374 -0.0000
vn -0.9901 0.1282 0.0563
vn -0.9901 0.1282 -0.0563
vn -0.9443 0.2264 0.2390
vn -0.9447 0.3047 0.1216
vn -0.9093 0.2821 0.3059
vn -0.9436 0.3310 0.0001
vn -0.9449 0.3041 -0.1211
vn -0.9450 0.2254 -0.2372
vn -0.9093 0.2821 -0.3059
vn -0.9591 0.1886 -0.2113
vn -0.9893 0.0966 -0.1093
vn -0.9969 0.0510 -0.0595
vn -0.9978 0.0582 -0.0304
vn -0.9983 0.0590 -0.0000
vn -0.9978 0.0582 0.0304
vn -0.9893 0.0966 0.1093
vn -0.9969 0.0510 0.0595
vn -0.9591 0.1886 0.2113
vn -1.0000 -0.0005 0.0004
vn -1.0000 -0.0011 0.0003
vn -1.0000 -0.0012 -0.0003
vn -1.0000 -0.0002 -0.0007
vn -1.0000 -0.0000 -0.0009
vn -1.0000 0.0002 -0.0007
vn -1.0000 0.0002 0.0007
vn -1.0000 -0.0000 0.0009
vn -1.0000 -0.0001 0.0006
vn -1.0000 -0.0000 0.0003
vn -1.0000 -0.0002 -0.0008
vn -1.0000 0.0002 -0.0006
vn -0.8970 0.4105 0.1638
vn -0.9013 0.4332 -0.0019
vn -0.9549 0.2969 -0.0030
vn -0.9538 0.2787 0.1125
vn -0.9090 0.3853 -0.1590
vn -0.9583 0.2625 -0.1133
vn -0.9896 0.1441 -0.0027
vn -0.9889 0.1376 0.0569
vn -0.9895 0.1314 -0.0605
vn -0.9353 0.2447 0.2555
vn -0.9385 0.3210 0.1267
vn -0.8947 0.3087 0.3227
vn -0.9410 0.3384 -0.0007
vn -0.9442 0.3058 -0.1223
vn -0.9446 0.2264 -0.2376
vn -0.9135 0.2752 -0.2995
vn -0.9596 0.1852 -0.2120
vn -0.9886 0.0977 -0.1144
vn -0.9966 0.0524 -0.0641
vn -0.9976 0.0605 -0.0338
vn -0.9981 0.0623 -0.0019
vn -0.9976 0.0626 0.0305
vn -0.9879 0.1052 0.1143
vn -0.9965 0.0555 0.0622
vn -0.9533 0.2056 0.2214
vn -0.9204 0.0004 0.3910
vn -0.9831 0.0010 0.1833
vn -0.9828 0.0018 0.1848
vn -0.9201 0.0009 0.3917
vn -0.9985 0.0017 0.0539
vn -0.9984 0.0016 0.0561
vn -0.9826 0.0006 0.1859
vn -0.9198 0.0003 0.3923
vn -0.9984 0.0005 0.0566
vn -0.7848 0.0001 0.6197
vn -0.9999 0.0017 0.0123
vn -0.9999 0.0010 0.0135
vn -0.9999 0.0002 0.0139
vn -0.7846 0.0001 0.6200
vn -0.7847 0.0001 0.6198
vn -0.9997 0.0005 0.0261
vn -0.9996 -0.0003 0.0282
vn -0.9928 -0.0005 0.1201
vn -0.9930 0.0006 0.1180
vn -0.9997 -0.0014 0.0232
vn -0.9942 -0.0021 0.1078
vn -0.9457 -0.0003 0.3249
vn -0.9461 0.0004 0.3239
vn -0.9497 -0.0014 0.3133
vn -1.0000 0.0003 0.0033
vn -1.0000 -0.0001 0.0045
vn -1.0000 -0.0007 0.0034
vn -1.0000 0.0002 0.0006
vn -1.0000 -0.0002 0.0008
vn -0.9046 0.1401 -0.4025
vn -0.9011 -0.0000 -0.4336
vn -0.9552 -0.0000 -0.2960
vn -0.9566 0.0928 -0.2761
vn -0.9046 -0.1401 -0.4026
vn -0.9566 -0.0928 -0.2761
vn -0.9895 -0.0000 -0.1447
vn -0.9892 0.0467 -0.1388
vn -0.9892 -0.0467 -0.1388
vn -0.9402 0.1139 -0.3209
vn -0.9379 0.0002 -0.3468
vn -0.9407 -0.1132 -0.3198
vn -0.9454 -0.2247 -0.2360
vn -0.9093 -0.2821 -0.3059
vn -0.9591 -0.1886 -0.2113
vn -0.9893 -0.0966 -0.1093
vn -0.9969 -0.0510 -0.0595
vn -0.9977 -0.0261 -0.0625
vn -0.9980 -0.0000 -0.0629
vn -0.9977 0.0261 -0.0625
vn -0.9103 0.0004 -0.4141
vn -0.9099 0.0009 -0.4147
vn -0.9799 0.0020 -0.1997
vn -0.9802 0.0010 -0.1981
vn -0.9096 0.0003 -0.4154
vn -0.9796 0.0006 -0.2008
vn -0.9981 0.0018 -0.0613
vn -0.9983 0.0019 -0.0589
vn -0.9981 0.0005 -0.0619
vn -0.7682 0.0001 -0.6402
vn -0.7681 0.0002 -0.6403
vn -0.7680 0.0001 -0.6404
vn -0.9999 0.0003 -0.0152
vn -0.9999 0.0011 -0.0148
vn -0.9999 0.0019 -0.0135
vn -1.0000 0.0002 -0.0081
vn -0.9993 0.0002 -0.0368
vn -0.9993 -0.0001 -0.0374
vn -1.0000 -0.0001 -0.0087
vn -0.9934 0.0001 -0.1144
vn -0.9934 -0.0001 -0.1148
vn -0.9994 -0.0006 -0.0339
vn -1.0000 -0.0004 -0.0073
vn -0.9938 -0.0004 -0.1109
vn -1.0000 0.0002 -0.0016
vn -1.0000 -0.0004 -0.0019
vn -1.0000 0.0028 -0.0080
vn -1.0000 -0.0000 -0.0098
vn -0.9990 0.0001 -0.0457
vn -0.9991 0.0141 -0.0395
vn -1.0000 -0.0025 -0.0074
vn -0.9992 -0.0133 -0.0375
vn -0.9886 0.0003 -0.1503
vn -0.9895 0.0489 -0.1363
vn -0.9898 -0.0478 -0.1339
vn -1.0000 0.0046 -0.0045
vn -1.0000 -0.0043 -0.0039
vn -0.9994 -0.0240 -0.0237
vn -0.9915 -0.0912 -0.0929
vn -0.9912 0.0923 -0.0951
vn -0.9994 0.0247 -0.0252
vn -1.0000 -0.0070 -0.0019
vn -1.0000 -0.0091 -0.0000
vn -0.9991 -0.0412 -0.0000
vn -0.9993 -0.0350 -0.0119
vn -1.0000 -0.0072 0.0019
vn -0.9993 -0.0354 0.0121
vn -0.9901 -0.1401 -0.0000
vn -0.9910 -0.1253 -0.0470
vn -0.9909 -0.1261 0.0475
vn -1.0000 -0.0000 -0.0002
vn -1.0000 -0.0000 0.0002
vn -1.0000 -0.0046 0.0042
vn -0.9994 -0.0251 0.0252
vn -0.9911 -0.0928 0.0954
vn -0.9449 -0.2255 0.2375
vn -0.9442 -0.3061 0.1213
vn -0.9424 -0.3346 -0.0000
vn -0.9444 -0.3057 -0.1210
vn -1.0000 -0.0029 0.0090
vn -0.9999 0.0001 0.0132
vn -0.9985 0.0003 0.0539
vn -0.9990 -0.0146 0.0426
vn -0.9999 0.0034 0.0101
vn -0.9988 0.0159 0.0457
vn -0.9872 0.0004 0.1593
vn -0.9888 -0.0493 0.1406
vn -0.9883 0.0508 0.1440
vn -1.0000 0.0050 0.0051
vn -0.9993 0.0263 0.0274
vn -0.9906 0.0945 0.0985
vn -0.9390 0.1146 0.3242
vn -0.9366 0.0002 0.3504
vn -0.9396 -0.1138 0.3228
vn -1.0000 0.0061 0.0021
vn -1.0000 0.0066 -0.0000
vn -0.9994 0.0352 -0.0000
vn -0.9994 0.0327 0.0124
vn -1.0000 0.0059 -0.0021
vn -0.9994 0.0321 -0.0120
vn -0.9912 0.1326 0.0001
vn -0.9913 0.1228 0.0478
vn -0.9914 0.1217 -0.0471
vn -1.0000 0.0060 0.0021
vn -1.0000 0.0067 -0.0000
vn -0.9994 0.0360 -0.0000
vn -0.9994 0.0331 0.0126
vn -1.0000 0.0062 -0.0022
vn -0.9994 0.0336 -0.0129
vn -0.9906 0.1365 -0.0002
vn -0.9905 0.1279 0.0499
vn -0.9908 0.1260 -0.0496
vn -1.0000 0.0046 0.0047
vn -1.0000 0.0051 -0.0053
vn -0.9992 0.0272 -0.0290
vn -0.9899 0.0975 -0.1028
vn -0.9897 0.0988 0.1033
vn -0.9993 0.0257 0.0267
vn -0.9999 0.0034 -0.0106
vn -0.9999 -0.0002 -0.0130
vn -0.9986 -0.0006 -0.0533
vn -0.9987 0.0161 -0.0482
vn -1.0000 -0.0027 -0.0083
vn -0.9992 -0.0133 -0.0383
vn -0.9873 -0.0000 -0.1587
vn -0.9875 0.0517 -0.1488
vn -0.9906 -0.0459 -0.1289
vn -1.0000 -0.0039 -0.0036
vn -0.9996 -0.0202 -0.0205
vn -0.9942 -0.0755 -0.0771
vn -0.9472 -0.2192 -0.2340
vn -0.9379 -0.1090 -0.3293
vn -0.9359 0.0073 -0.3521
vn -0.9396 0.1179 -0.3215
vn -1.0000 -0.0056 -0.0015
vn -1.0000 -0.0068 -0.0000
vn -0.9996 -0.0284 0.0001
vn -0.9996 -0.0257 -0.0088
vn -1.0000 -0.0055 0.0015
vn -0.9997 -0.0250 0.0086
vn -0.9956 -0.0936 0.0005
vn -0.9953 -0.0904 -0.0338
vn -0.9959 -0.0846 0.0323
vn -1.0000 0.0001 -0.0001
vn -1.0000 0.0001 -0.0000
vn -1.0000 0.0001 0.0001
vn -1.0000 -0.0036 0.0033
vn -0.9996 -0.0190 0.0187
vn -0.9953 -0.0678 0.0689
vn -0.9652 -0.1800 0.1896
vn -0.9674 -0.2350 0.0949
vn -0.9627 -0.2705 0.0027
vn -0.9558 -0.2739 -0.1065
vn -1.0000 -0.0023 0.0067
vn -1.0000 -0.0001 0.0095
vn -0.9990 -0.0009 0.0442
vn -0.9994 -0.0120 0.0328
vn -1.0000 0.0027 0.0082
vn -0.9990 0.0140 0.0414
vn -0.9892 -0.0027 0.1468
vn -0.9926 -0.0424 0.1137
vn -0.9881 0.0496 0.1458
vn -0.9318 0.1225 0.3418
vn -0.9381 -0.0000 0.3464
vn -0.9528 -0.1024 0.2860
vn -1.0000 0.0027 -0.0072
vn -0.9990 -0.0001 -0.0455
vn -0.9992 0.0142 -0.0366
vn -1.0000 -0.0033 -0.0086
vn -0.9990 -0.0163 -0.0411
vn -0.9888 -0.0005 -0.1495
vn -0.9901 0.0514 -0.1308
vn -0.9892 -0.0546 -0.1361
vn -1.0000 0.0044 -0.0036
vn -1.0000 -0.0065 -0.0057
vn -0.9991 -0.0316 -0.0287
vn -0.9899 -0.1042 -0.0964
vn -0.9916 0.0949 -0.0883
vn -0.9994 0.0249 -0.0225
vn -0.9999 -0.0108 -0.0033
vn -0.9999 -0.0135 -0.0000
vn -0.9985 -0.0544 -0.0000
vn -0.9988 -0.0467 -0.0154
vn -0.9999 -0.0112 0.0034
vn -0.9987 -0.0478 0.0159
vn -0.9876 -0.1571 0.0001
vn -0.9886 -0.1420 -0.0492
vn -0.9884 -0.1433 0.0501
vn -1.0000 -0.0073 0.0066
vn -0.9989 -0.0339 0.0314
vn -0.9892 -0.1068 0.1000
vn -0.9424 -0.2422 0.2307
vn -0.9400 -0.3209 0.1157
vn -0.9379 -0.3469 0.0001
vn -0.9403 -0.3203 -0.1152
vn -0.9999 -0.0041 0.0111
vn -0.9999 -0.0000 0.0132
vn -0.9985 -0.0002 0.0539
vn -0.9987 -0.0185 0.0478
vn -1.0000 0.0031 0.0087
vn -0.9990 0.0155 0.0415
vn -0.9873 -0.0008 0.1586
vn -0.9880 -0.0568 0.1439
vn -0.9891 0.0530 0.1373
vn -1.0000 0.0046 0.0040
vn -0.9994 0.0259 0.0239
vn -0.9912 0.0965 0.0906
vn -0.9446 0.2373 0.2268
vn -0.9403 0.1237 0.3171
vn -0.9372 -0.0005 0.3487
vn -0.9392 -0.1258 0.3196
vn -1.0000 0.0073 0.0018
vn -1.0000 0.0093 -0.0000
vn -0.9991 0.0419 -0.0000
vn -0.9993 0.0361 0.0113
vn -1.0000 0.0072 -0.0018
vn -0.9993 0.0357 -0.0111
vn -0.9899 0.1421 -0.0000
vn -0.9907 0.1286 0.0443
vn -0.9908 0.1279 -0.0439
vn -0.9427 0.3141 -0.1128
vn -0.9402 0.3408 -0.0000
vn -0.9425 0.3145 0.1131
vn -1.0000 0.0068 0.0018
vn -1.0000 0.0085 -0.0000
vn -0.9992 0.0396 -0.0004
vn -0.9993 0.0365 0.0115
vn -1.0000 0.0067 -0.0018
vn -0.9994 0.0332 -0.0113
vn -0.9904 0.1380 -0.0032
vn -0.9862 0.1580 0.0500
vn -0.9928 0.1122 -0.0428
vn -1.0000 0.0044 0.0038
vn -1.0000 0.0044 -0.0040
vn -0.9994 0.0240 -0.0236
vn -0.9931 0.0822 -0.0832
vn -0.9653 0.1836 -0.1858
vn -0.9623 0.2537 -0.0980
vn -0.9420 0.3356 -0.0046
vn -0.8778 0.4556 0.1479
vn -0.9090 0.3509 0.2251
vn -0.9993 0.0281 0.0258
vn -0.9971 0.0472 0.0603
vn -1.0000 0.0029 -0.0088
vn -0.9999 -0.0000 -0.0131
vn -0.9986 -0.0002 -0.0533
vn -0.9991 0.0144 -0.0408
vn -0.9999 -0.0040 -0.0112
vn -0.9987 -0.0176 -0.0483
vn -0.9881 -0.0004 -0.1540
vn -0.9907 0.0464 -0.1279
vn -0.9880 -0.0535 -0.1449
vn -1.0000 -0.0072 -0.0068
vn -0.9989 -0.0331 -0.0324
vn -0.9892 -0.1038 -0.1034
vn -0.9430 -0.2330 -0.2375
vn -0.9410 -0.1160 -0.3179
vn -0.9451 0.0018 -0.3269
vn -0.9565 0.1025 -0.2732
vn -0.9999 -0.0111 -0.0035
vn -0.9999 -0.0134 -0.0000
vn -0.9985 -0.0541 -0.0001
vn -0.9987 -0.0473 -0.0166
vn -0.9999 -0.0107 0.0034
vn -0.9988 -0.0468 0.0161
vn -0.9877 -0.1566 -0.0003
vn -0.9886 -0.1413 -0.0525
vn -0.9879 -0.1461 0.0529
vn -1.0000 -0.0064 0.0058
vn -0.9990 -0.0324 0.0307
vn -0.9862 -0.1197 0.1140
vn -0.9174 -0.3033 0.2576
vn -0.9296 -0.3453 0.1287
vn -0.9377 -0.3476 -0.0009
vn -0.9414 -0.3148 -0.1215
vn -1.0000 -0.0032 0.0088
vn -0.9999 -0.0000 0.0100
vn -0.9984 -0.0000 0.0559
vn -0.9988 -0.0178 0.0462
vn -1.0000 0.0027 0.0075
vn -0.9988 0.0175 0.0452
vn -0.9952 -0.0025 0.0975
vn -0.9748 -0.0847 0.2063
vn -0.9956 0.0224 0.0912
vn -0.6174 0.3470 0.7060
vn -0.6243 0.3883 0.6778
vn -0.5720 0.1665 0.8032
vn -0.7239 0.0004 0.6899
vn -0.7377 -0.0098 0.6751
vn -0.8896 -0.1305 0.4378
vn -0.9995 0.0209 -0.0229
vn -0.9997 -0.0000 -0.0228
vn -0.9998 0.0211 -0.0000
vn -0.9995 -0.0209 -0.0229
vn -0.9998 -0.0211 -0.0000
vn -0.9997 -0.0000 0.0228
vn -0.9995 0.0209 0.0229
vn -0.9995 -0.0209 0.0229
vn -0.9978 -0.0582 -0.0304
vn -0.9983 -0.0590 -0.0000
vn -0.9978 -0.0582 0.0304
vn -0.9969 -0.0510 0.0595
vn -0.9977 -0.0261 0.0625
vn -0.9980 -0.0000 0.0629
vn -0.9977 0.0261 0.0625
vn -0.9995 0.0225 0.0237
vn -0.9997 0.0224 -0.0009
vn -1.0000 -0.0001 -0.0000
vn -0.9997 -0.0001 0.0247
vn -0.9994 0.0219 -0.0253
vn -0.9997 -0.0002 -0.0246
vn -0.9997 -0.0233 0.0013
vn -0.9994 -0.0231 0.0264
vn -0.9994 -0.0231 -0.0239
vn -0.9974 0.0283 0.0662
vn -0.9974 0.0269 -0.0671
vn -0.9977 -0.0005 -0.0678
vn -0.9973 -0.0293 -0.0679
vn -0.9962 -0.0583 -0.0644
vn -0.9973 -0.0670 -0.0311
vn -0.9977 -0.0677 0.0040
vn -0.9971 -0.0662 0.0382
vn -0.9971 -0.0294 0.0699
vn -0.9960 -0.0573 0.0687
vn -0.9977 -0.0003 0.0680
vn -0.9995 0.0235 -0.0229
vn -0.9997 0.0237 -0.0000
vn -0.9995 -0.0235 -0.0229
vn -0.9997 -0.0237 -0.0000
vn -0.9995 0.0235 0.0229
vn -0.9995 -0.0235 0.0229
vn -0.9974 0.0652 -0.0302
vn -0.9974 -0.0652 -0.0302
vn -0.9978 -0.0659 -0.0000
vn -0.9974 -0.0652 0.0302
vn -0.9966 -0.0579 0.0592
vn -0.9976 -0.0296 0.0627
vn -0.9980 -0.0000 0.0630
vn -0.9976 0.0296 0.0627
vn -0.9974 0.0652 0.0302
vn -0.9966 0.0579 0.0592
vn -0.9978 0.0659 -0.0000
vn -0.9995 0.0213 0.0231
vn -0.9997 0.0235 0.0003
vn -1.0000 -0.0001 0.0002
vn -0.9997 -0.0036 0.0230
vn -0.9995 0.0249 -0.0203
vn -0.9998 0.0024 -0.0208
vn -0.9997 -0.0238 0.0002
vn -0.9993 -0.0280 0.0232
vn -0.9996 -0.0207 -0.0216
vn -0.9960 0.0580 0.0684
vn -0.9972 0.0669 0.0320
vn -0.9970 0.0243 0.0730
vn -0.9978 0.0656 0.0010
vn -0.9976 0.0638 -0.0255
vn -0.9971 0.0582 -0.0496
vn -0.9980 0.0322 -0.0543
vn -0.9984 0.0047 -0.0569
vn -0.9980 -0.0238 -0.0589
vn -0.9970 -0.0520 -0.0572
vn -0.9977 -0.0613 -0.0293
vn -0.9978 -0.0661 0.0005
vn -0.9968 -0.0727 0.0321
vn -0.9964 -0.0454 0.0712
vn -0.9952 -0.0730 0.0658
vn -0.9973 -0.0116 0.0728
vn -0.9097 -0.1299 0.3945
vn -0.8953 0.0089 0.4453
vn -0.9500 0.0028 0.3123
vn -0.9514 -0.0972 0.2924
vn -0.8914 0.1587 0.4245
vn -0.9510 0.1033 0.2913
vn -0.9878 -0.0002 0.1557
vn -0.9869 -0.0522 0.1526
vn -0.9877 0.0513 0.1475
vn -0.9220 -0.2575 0.2891
vn -0.9859 -0.1100 0.1265
vn -0.9518 -0.2026 0.2302
vn -0.8607 0.5021 0.0837
vn -0.8746 0.4843 0.0233
vn -0.9422 0.3345 0.0187
vn -0.9583 0.2772 0.0698
vn -0.9361 0.3332 -0.1127
vn -0.9655 0.2481 -0.0787
vn -0.9880 0.1542 0.0048
vn -0.9831 0.1674 0.0736
vn -0.9901 0.1337 -0.0438
vn 0.2515 0.8170 0.5189
vn 0.1610 0.8335 0.5286
vn -0.4170 0.7698 0.4832
vn -0.9455 0.2359 -0.2244
vn -0.9717 0.1756 -0.1582
vn -0.9910 0.1012 -0.0875
vn -0.9737 0.1409 0.1791
vn -0.9606 0.2119 0.1796
vn -0.5024 0.7327 0.4590
vn -0.9075 -0.3885 -0.1596
vn -0.9053 -0.4247 -0.0000
vn -0.9578 -0.2874 -0.0000
vn -0.9588 -0.2618 -0.1105
vn -0.9075 -0.3885 0.1596
vn -0.9588 -0.2618 0.1105
vn -0.9905 -0.1374 -0.0000
vn -0.9901 -0.1282 -0.0563
vn -0.9901 -0.1282 0.0563
vn -0.9093 -0.2821 0.3059
vn -0.9591 -0.1886 0.2113
vn -0.9893 -0.0966 0.1093
vn -0.9010 0.4070 0.1503
vn -0.8979 0.4401 -0.0000
vn -0.9506 0.3104 -0.0000
vn -0.9525 0.2852 0.1068
vn -0.9010 0.4070 -0.1503
vn -0.9525 0.2852 -0.1068
vn -0.9883 0.1523 -0.0000
vn -0.9882 0.1430 0.0554
vn -0.9882 0.1430 -0.0554
vn -0.9056 0.3035 0.2964
vn -0.9881 0.1087 0.1087
vn -0.9555 0.2092 0.2081
vn -0.9074 0.1377 -0.3971
vn -0.8956 0.0002 -0.4449
vn -0.9493 -0.0061 -0.3145
vn -0.9554 0.0903 -0.2810
vn -0.8851 -0.1543 -0.4391
vn -0.9434 -0.1155 -0.3108
vn -0.9878 -0.0023 -0.1558
vn -0.9881 0.0468 -0.1464
vn -0.9866 -0.0550 -0.1535
vn -0.8802 -0.3262 -0.3447
vn -0.9369 -0.2447 -0.2498
vn -0.9855 -0.1165 -0.1232
vn 0.4200 -0.2218 0.8800
vn 0.5661 -0.0885 0.8195
vn 0.3868 -0.1070 0.9159
vn 0.0760 -0.2741 0.9587
vn 0.7250 0.2198 0.6527
vn 0.6086 0.1415 0.7808
vn -0.9491 -0.1575 0.2726
vn -0.9272 -0.0446 0.3718
vn -0.9687 -0.0343 0.2458
vn -0.9724 -0.1027 0.2096
vn -0.9348 0.1224 0.3333
vn -0.9675 0.0512 0.2474
vn -0.4877 -0.4865 0.7249
vn -0.6447 -0.4419 0.6238
vn -0.7443 -0.4694 0.4750
vn 0.5284 -0.1967 0.8259
vn 0.7165 -0.0666 0.6944
vn 0.8510 0.1933 0.4884
vn 0.8483 0.2579 0.4625
vn 0.8117 0.2830 0.5110
vn 0.5443 0.3991 0.7379
vn -0.9788 -0.1494 0.1398
vn -0.8866 -0.3250 0.3290
vn -0.6998 -0.4199 0.5779
vn -0.9046 -0.1401 0.4026
vn -0.9011 -0.0000 0.4336
vn -0.9552 -0.0000 0.2960
vn -0.9566 -0.0928 0.2761
vn -0.9046 0.1401 0.4026
vn -0.9566 0.0928 0.2761
vn -0.9895 -0.0000 0.1447
vn -0.9892 -0.0467 0.1388
vn -0.9892 0.0467 0.1388
vn -0.9010 -0.4070 -0.1503
vn -0.8979 -0.4401 -0.0000
vn -0.9506 -0.3104 -0.0000
vn -0.9525 -0.2852 -0.1068
vn -0.9010 -0.4070 0.1503
vn -0.9525 -0.2852 0.1068
vn -0.9883 -0.1523 -0.0000
vn -0.9882 -0.1430 -0.0554
vn -0.9882 -0.1430 0.0554
vn -0.9056 -0.3035 0.2964
vn -0.9555 -0.2092 0.2081
vn -0.9881 -0.1087 0.1087
vn -0.8843 -0.4351 -0.1695
vn -0.9011 -0.4334 0.0089
vn -0.9350 -0.3543 0.0130
vn -0.9311 -0.3420 -0.1267
vn -0.9184 -0.3633 0.1569
vn -0.9455 -0.2971 0.1333
vn -0.9858 -0.1677 0.0089
vn -0.9855 -0.1584 -0.0604
vn -0.9859 -0.1506 0.0727
vn -0.9354 0.1297 -0.3289
vn -0.9193 0.0058 -0.3934
vn -0.9644 0.0077 -0.2643
vn -0.9695 0.0948 -0.2260
vn -0.9110 -0.1376 -0.3887
vn -0.9610 -0.0892 -0.2619
vn -0.9915 0.0068 -0.1298
vn -0.9917 0.0539 -0.1169
vn -0.9905 -0.0434 -0.1306
vn -0.9094 -0.2867 -0.3014
vn -0.9591 -0.1932 -0.2068
vn -0.9894 -0.0988 -0.1062
vn -0.9038 -0.1544 0.3991
vn -0.9013 -0.0000 0.4331
vn -0.9550 -0.0000 0.2965
vn -0.9556 -0.1043 0.2755
vn -0.9038 0.1544 0.3991
vn -0.9556 0.1043 0.2755
vn -0.9894 -0.0000 0.1451
vn -0.9889 -0.0531 0.1388
vn -0.9889 0.0531 0.1388
vn -0.9045 -0.3964 -0.1573
vn -0.8964 -0.4432 -0.0000
vn -0.9497 -0.3132 0.0020
vn -0.9554 -0.2745 -0.1090
vn -0.8726 -0.4547 0.1782
vn -0.9375 -0.3232 0.1289
vn -0.9882 -0.1533 0.0012
vn -0.9891 -0.1366 -0.0552
vn -0.9852 -0.1593 0.0629
vn 1.0000 -0.0000 -0.0000
vn -0.0000 1.0000 -0.0000
vn -0.0000 -0.0000 -1.0000
vn -0.0000 -0.0000 1.0000
vn -0.0000 -1.0000 -0.0000
vt 0.000000 0.000000
vt 0.000000 1.000000
vt 1.000000 1.000000
vt 1.000000 0.000000
vt 0.235798 0.744887
vt 0.250233 0.743721
vt 0.250893 0.773991
vt 0.237695 0.774397
vt 0.257977 0.740658
vt 0.258059 0.773006
vt 0.252495 0.807970
vt 0.242678 0.808020
vt 0.258260 0.807846
vt 0.210736 0.721911
vt 0.235527 0.721679
vt 0.211113 0.745054
vt 0.250139 0.720057
vt 0.257965 0.715190
vt 0.262398 0.699661
vt 0.262398 0.735667
vt 0.262398 0.771674
vt 0.262398 0.807680
vt 0.262398 0.843686
vt 0.258531 0.843686
vt 0.254663 0.843686
vt 0.250795 0.843686
vt 0.221669 0.808027
vt 0.246928 0.843686
vt 0.213752 0.774455
vt 0.269205 0.461767
vt 0.233431 0.460060
vt 0.233196 0.502713
vt 0.268530 0.503307
vt 0.200038 0.455576
vt 0.200008 0.501272
vt 0.232626 0.550794
vt 0.266757 0.550868
vt 0.199937 0.550614
vt 0.308759 0.429788
vt 0.269301 0.429448
vt 0.308624 0.462010
vt 0.233464 0.427074
vt 0.200042 0.419951
vt 0.167826 0.397224
vt 0.167826 0.448273
vt 0.167826 0.499321
vt 0.167826 0.550370
vt 0.167826 0.601418
vt 0.199841 0.601418
vt 0.231855 0.601418
vt 0.263870 0.601418
vt 0.304869 0.550878
vt 0.295884 0.601418
vt 0.307686 0.503392
vt 0.763086 0.744859
vt 0.761097 0.774388
vt 0.748148 0.773984
vt 0.748839 0.743697
vt 0.755872 0.808019
vt 0.746468 0.807969
vt 0.741523 0.773002
vt 0.741609 0.740642
vt 0.741313 0.807846
vt 0.788476 0.721843
vt 0.788080 0.745025
vt 0.763370 0.721612
vt 0.785313 0.774446
vt 0.777012 0.808026
vt 0.750526 0.843686
vt 0.747360 0.843686
vt 0.744195 0.843686
vt 0.741029 0.843686
vt 0.737863 0.843686
vt 0.737863 0.807680
vt 0.737863 0.771674
vt 0.737863 0.735667
vt 0.741622 0.715142
vt 0.737863 0.699661
vt 0.748938 0.719994
vt 0.269205 0.472926
vt 0.268530 0.511682
vt 0.233196 0.511199
vt 0.233431 0.471538
vt 0.266757 0.555334
vt 0.232626 0.555274
vt 0.200008 0.510027
vt 0.200038 0.467891
vt 0.199937 0.555127
vt 0.308759 0.441946
vt 0.308624 0.473124
vt 0.269301 0.441670
vt 0.307686 0.511751
vt 0.304869 0.555343
vt 0.167826 0.554929
vt 0.167826 0.508440
vt 0.167826 0.461951
vt 0.200042 0.433946
vt 0.167826 0.415462
vt 0.233464 0.439739
vt 0.808019 0.467891
vt 0.807969 0.510027
vt 0.773984 0.511199
vt 0.774388 0.471538
vt 0.807846 0.555127
vt 0.773002 0.555274
vt 0.743697 0.511682
vt 0.744859 0.472926
vt 0.740642 0.555334
vt 0.843686 0.415462
vt 0.843686 0.461951
vt 0.808026 0.433946
vt 0.843686 0.508440
vt 0.843686 0.554929
vt 0.843686 0.601418
vt 0.807680 0.601418
vt 0.771674 0.601418
vt 0.735667 0.601418
vt 0.699661 0.601418
vt 0.715142 0.555343
vt 0.719994 0.511751
vt 0.721612 0.473124
vt 0.745025 0.441670
vt 0.721843 0.441946
vt 0.774446 0.439739
vt 0.760994 0.681369
vt 0.762658 0.693907
vt 0.748690 0.693623
vt 0.748131 0.681624
vt 0.763281 0.705744
vt 0.748907 0.704597
vt 0.741591 0.693783
vt 0.741521 0.685092
vt 0.741618 0.701685
vt 0.779618 0.665767
vt 0.785089 0.683563
vt 0.757788 0.662105
vt 0.787484 0.694598
vt 0.788352 0.705990
vt 0.737863 0.696928
vt 0.737863 0.694194
vt 0.737863 0.691461
vt 0.741403 0.668277
vt 0.737863 0.688728
vt 0.747189 0.662482
vt 0.808020 0.455576
vt 0.774397 0.460060
vt 0.773991 0.502713
vt 0.807969 0.501272
vt 0.744887 0.461767
vt 0.743721 0.503307
vt 0.773006 0.550794
vt 0.807846 0.550613
vt 0.740658 0.550868
vt 0.843686 0.397224
vt 0.808027 0.419951
vt 0.843686 0.448273
vt 0.774455 0.427074
vt 0.745054 0.429448
vt 0.721911 0.429788
vt 0.721679 0.462010
vt 0.720057 0.503392
vt 0.715190 0.550878
vt 0.843686 0.550370
vt 0.843686 0.499321
vt 0.237780 0.681629
vt 0.250905 0.681885
vt 0.250374 0.693821
vt 0.236202 0.694106
vt 0.258061 0.685368
vt 0.257994 0.693983
vt 0.250168 0.704722
vt 0.235612 0.705873
vt 0.257969 0.701801
vt 0.219102 0.666077
vt 0.240851 0.662393
vt 0.213941 0.683831
vt 0.251808 0.662769
vt 0.258174 0.668591
vt 0.262398 0.689136
vt 0.262398 0.691767
vt 0.262398 0.694398
vt 0.262398 0.697030
vt 0.210854 0.706119
vt 0.211675 0.694799
vt 0.245313 0.352158
vt 0.252961 0.351665
vt 0.253665 0.399550
vt 0.247675 0.399657
vt 0.258318 0.350055
vt 0.258406 0.399131
vt 0.253418 0.449072
vt 0.246642 0.448911
vt 0.258375 0.449321
vt 0.219102 0.306922
vt 0.240851 0.307834
vt 0.236053 0.353615
vt 0.251808 0.307447
vt 0.258174 0.304840
vt 0.262398 0.295884
vt 0.262398 0.347210
vt 0.262398 0.398537
vt 0.262398 0.449863
vt 0.262398 0.501189
vt 0.258332 0.499187
vt 0.253072 0.498671
vt 0.244857 0.498791
vt 0.237892 0.446807
vt 0.224507 0.499611
vt 0.240922 0.399471
vt 0.753182 0.352158
vt 0.750743 0.399651
vt 0.745271 0.399544
vt 0.745999 0.351665
vt 0.751785 0.448891
vt 0.745518 0.449050
vt 0.741163 0.399127
vt 0.741254 0.350055
vt 0.741194 0.449306
vt 0.779618 0.306922
vt 0.762160 0.353615
vt 0.757788 0.307834
vt 0.757135 0.399467
vt 0.760223 0.446793
vt 0.773905 0.499574
vt 0.753602 0.498735
vt 0.745870 0.498612
vt 0.741238 0.499140
vt 0.737863 0.501189
vt 0.737863 0.449863
vt 0.737863 0.398537
vt 0.737863 0.347210
vt 0.741403 0.304839
vt 0.737863 0.295884
vt 0.747189 0.307447
vt 0.629601 0.473124
vt 0.631150 0.511751
vt 0.591584 0.511751
vt 0.590993 0.473124
vt 0.635219 0.555343
vt 0.593018 0.555343
vt 0.546619 0.511751
vt 0.546396 0.473124
vt 0.547189 0.555343
vt 0.659294 0.441946
vt 0.659600 0.473124
vt 0.629379 0.441946
vt 0.661747 0.511751
vt 0.668185 0.555343
vt 0.688728 0.601418
vt 0.641843 0.601418
vt 0.594958 0.601418
vt 0.548074 0.601418
vt 0.501189 0.601418
vt 0.499122 0.555343
vt 0.498475 0.511751
vt 0.498259 0.473124
vt 0.546365 0.441946
vt 0.498228 0.441946
vt 0.590909 0.441946
vt 0.629851 0.462010
vt 0.591189 0.462010
vt 0.591781 0.503392
vt 0.631408 0.503392
vt 0.546525 0.462010
vt 0.546744 0.503392
vt 0.593218 0.550878
vt 0.635495 0.550878
vt 0.547305 0.550878
vt 0.659566 0.429788
vt 0.629629 0.429788
vt 0.659874 0.462010
vt 0.591105 0.429788
vt 0.546493 0.429788
vt 0.498296 0.429788
vt 0.498326 0.462010
vt 0.498537 0.503392
vt 0.499170 0.550878
vt 0.548176 0.601418
vt 0.595163 0.601418
vt 0.642149 0.601418
vt 0.668498 0.550878
vt 0.689136 0.601418
vt 0.662030 0.503392
vt 0.755783 0.200006
vt 0.760385 0.233180
vt 0.747900 0.233137
vt 0.746437 0.200001
vt 0.760710 0.268515
vt 0.748032 0.268358
vt 0.741492 0.232619
vt 0.741309 0.199936
vt 0.741508 0.266736
vt 0.750526 0.167826
vt 0.776888 0.199933
vt 0.747360 0.167826
vt 0.784322 0.232590
vt 0.784694 0.266639
vt 0.737863 0.263870
vt 0.737863 0.231855
vt 0.737863 0.199841
vt 0.741029 0.167826
vt 0.737863 0.167826
vt 0.744195 0.167826
vt 0.242763 0.200006
vt 0.252525 0.200001
vt 0.251128 0.233137
vt 0.238369 0.233180
vt 0.258263 0.199936
vt 0.258089 0.232619
vt 0.250999 0.268358
vt 0.238051 0.268515
vt 0.258073 0.266736
vt 0.246928 0.167826
vt 0.250795 0.167826
vt 0.221787 0.199933
vt 0.254663 0.167826
vt 0.258531 0.167826
vt 0.262398 0.167826
vt 0.262398 0.199841
vt 0.262398 0.231855
vt 0.262398 0.263870
vt 0.214318 0.266639
vt 0.214691 0.232590
vt 0.448833 0.473124
vt 0.448959 0.511751
vt 0.399569 0.511751
vt 0.399750 0.473124
vt 0.449295 0.555343
vt 0.399130 0.555343
vt 0.351832 0.511751
vt 0.352500 0.473124
vt 0.350076 0.555343
vt 0.448815 0.441946
vt 0.449863 0.601418
vt 0.398537 0.601418
vt 0.347210 0.601418
vt 0.352595 0.441946
vt 0.399776 0.441946
vt 0.448861 0.462010
vt 0.399758 0.462010
vt 0.399576 0.503392
vt 0.448983 0.503392
vt 0.352501 0.462010
vt 0.351833 0.503392
vt 0.399134 0.550879
vt 0.449310 0.550878
vt 0.350076 0.550879
vt 0.448843 0.429788
vt 0.399784 0.429788
vt 0.352597 0.429788
vt 0.415296 0.735226
vt 0.415268 0.771232
vt 0.408125 0.771238
vt 0.408347 0.735230
vt 0.415296 0.807238
vt 0.408347 0.807242
vt 0.399737 0.771312
vt 0.400465 0.735364
vt 0.400465 0.807261
vt 0.421878 0.699219
vt 0.421878 0.735225
vt 0.415357 0.699219
vt 0.421878 0.771232
vt 0.421878 0.807238
vt 0.421878 0.843244
vt 0.415357 0.843244
vt 0.408836 0.843244
vt 0.402315 0.843244
vt 0.395794 0.843244
vt 0.389925 0.807347
vt 0.388681 0.771757
vt 0.389914 0.736667
vt 0.402315 0.699219
vt 0.395794 0.699219
vt 0.408836 0.699219
vt 0.337817 0.266550
vt 0.337817 0.232482
vt 0.357143 0.232707
vt 0.357143 0.267538
vt 0.337817 0.199822
vt 0.357143 0.199754
vt 0.376468 0.232261
vt 0.376468 0.266329
vt 0.376469 0.199602
vt 0.318491 0.295884
vt 0.318491 0.263870
vt 0.337817 0.304625
vt 0.318491 0.231855
vt 0.318491 0.199841
vt 0.318491 0.167826
vt 0.337817 0.167716
vt 0.357143 0.167605
vt 0.376469 0.167495
vt 0.395794 0.167384
vt 0.395794 0.199399
vt 0.395794 0.231413
vt 0.395794 0.263428
vt 0.376468 0.304404
vt 0.395794 0.295442
vt 0.357143 0.306392
vt 0.662444 0.266550
vt 0.643118 0.267538
vt 0.643118 0.232707
vt 0.662444 0.232482
vt 0.623793 0.266329
vt 0.623793 0.232261
vt 0.643118 0.199754
vt 0.662444 0.199822
vt 0.623793 0.199602
vt 0.681770 0.295884
vt 0.662444 0.304625
vt 0.681770 0.263870
vt 0.643118 0.306392
vt 0.623793 0.304404
vt 0.604467 0.295442
vt 0.604467 0.263428
vt 0.604467 0.231413
vt 0.604467 0.199399
vt 0.604467 0.167384
vt 0.623793 0.167495
vt 0.643118 0.167605
vt 0.662444 0.167716
vt 0.681770 0.199841
vt 0.681770 0.167826
vt 0.681770 0.231855
vt 0.337756 0.807729
vt 0.337728 0.772839
vt 0.356431 0.773313
vt 0.356654 0.807695
vt 0.337753 0.740381
vt 0.356631 0.742172
vt 0.373890 0.772697
vt 0.374618 0.807531
vt 0.374571 0.740299
vt 0.318491 0.843686
vt 0.318491 0.807680
vt 0.337817 0.843576
vt 0.318491 0.771674
vt 0.318491 0.735667
vt 0.318491 0.699661
vt 0.337795 0.714847
vt 0.356965 0.717983
vt 0.375935 0.714660
vt 0.376469 0.843355
vt 0.357143 0.843465
vt 0.662505 0.807729
vt 0.643607 0.807694
vt 0.643830 0.773307
vt 0.662533 0.772835
vt 0.625643 0.807530
vt 0.626371 0.772693
vt 0.643630 0.742151
vt 0.662508 0.740366
vt 0.625691 0.740284
vt 0.681770 0.843686
vt 0.662444 0.843576
vt 0.681770 0.807680
vt 0.643118 0.843465
vt 0.623793 0.843355
vt 0.604467 0.843244
vt 0.610336 0.807346
vt 0.611581 0.771755
vt 0.610347 0.736662
vt 0.604467 0.699219
vt 0.624326 0.714613
vt 0.643296 0.717927
vt 0.662467 0.714801
vt 0.681770 0.735667
vt 0.681770 0.699661
vt 0.681770 0.771674
vt 0.662444 0.635330
vt 0.643118 0.632700
vt 0.643118 0.592038
vt 0.662444 0.592992
vt 0.623793 0.635109
vt 0.623793 0.592771
vt 0.643118 0.546652
vt 0.662444 0.547110
vt 0.623793 0.546890
vt 0.681770 0.688728
vt 0.662444 0.668381
vt 0.681770 0.641843
vt 0.643118 0.663978
vt 0.623793 0.668160
vt 0.604467 0.688286
vt 0.604467 0.641401
vt 0.604467 0.594517
vt 0.604467 0.547632
vt 0.604467 0.500747
vt 0.623793 0.498822
vt 0.643118 0.498501
vt 0.662444 0.499043
vt 0.681770 0.548074
vt 0.681770 0.501189
vt 0.681770 0.594958
vt 0.337817 0.635607
vt 0.337817 0.593192
vt 0.357143 0.592236
vt 0.357143 0.632965
vt 0.337817 0.547226
vt 0.357143 0.546773
vt 0.376468 0.592971
vt 0.376468 0.635386
vt 0.376468 0.547005
vt 0.318491 0.689136
vt 0.318491 0.642149
vt 0.337817 0.668696
vt 0.318491 0.595163
vt 0.318491 0.548176
vt 0.318491 0.501189
vt 0.337817 0.499090
vt 0.357143 0.498557
vt 0.376469 0.498869
vt 0.395794 0.500747
vt 0.395794 0.547734
vt 0.395794 0.594721
vt 0.395794 0.641707
vt 0.376468 0.668475
vt 0.395794 0.688694
vt 0.357143 0.664273
vt 0.662444 0.449203
vt 0.643118 0.448882
vt 0.643118 0.399142
vt 0.662444 0.398994
vt 0.623793 0.448982
vt 0.623793 0.398773
vt 0.643118 0.350848
vt 0.662444 0.349870
vt 0.623793 0.349649
vt 0.681770 0.449863
vt 0.604467 0.449421
vt 0.604467 0.398095
vt 0.604467 0.346768
vt 0.681770 0.347210
vt 0.681770 0.398537
vt 0.337817 0.449217
vt 0.337817 0.398998
vt 0.357143 0.399147
vt 0.357143 0.448902
vt 0.337817 0.349870
vt 0.357143 0.350848
vt 0.376468 0.398777
vt 0.376468 0.448996
vt 0.376468 0.349649
vt 0.318491 0.449863
vt 0.318491 0.398537
vt 0.318491 0.347210
vt 0.395794 0.346768
vt 0.395794 0.398095
vt 0.395794 0.449421
vt 0.449310 0.391122
vt 0.399134 0.391122
vt 0.399576 0.396887
vt 0.448983 0.396887
vt 0.350076 0.391122
vt 0.351833 0.396887
vt 0.399758 0.408758
vt 0.448861 0.408758
vt 0.352501 0.408758
vt 0.501189 0.388409
vt 0.449863 0.388409
vt 0.499170 0.391122
vt 0.398537 0.388409
vt 0.347210 0.388409
vt 0.295884 0.388409
vt 0.304869 0.391122
vt 0.307686 0.396887
vt 0.308624 0.408758
vt 0.498326 0.408758
vt 0.498537 0.396887
vt 0.635495 0.391122
vt 0.593218 0.391122
vt 0.591781 0.396887
vt 0.631408 0.396887
vt 0.547306 0.391122
vt 0.546743 0.396887
vt 0.591189 0.408758
vt 0.629851 0.408758
vt 0.546524 0.408758
vt 0.689136 0.388409
vt 0.642149 0.388409
vt 0.668498 0.391122
vt 0.595163 0.388409
vt 0.548176 0.388409
vt 0.659874 0.408758
vt 0.662030 0.396887
vt 0.807846 0.390857
vt 0.773006 0.391037
vt 0.773991 0.396209
vt 0.807969 0.394767
vt 0.740658 0.391111
vt 0.743721 0.396802
vt 0.774397 0.406808
vt 0.808020 0.402324
vt 0.744887 0.408514
vt 0.843686 0.388409
vt 0.807680 0.388409
vt 0.843686 0.390613
vt 0.771674 0.388409
vt 0.735667 0.388409
vt 0.699661 0.388409
vt 0.715190 0.391122
vt 0.720057 0.396887
vt 0.721679 0.408758
vt 0.843686 0.395021
vt 0.843686 0.392817
vt 0.266757 0.391111
vt 0.232626 0.391037
vt 0.233196 0.396209
vt 0.268530 0.396802
vt 0.199937 0.390857
vt 0.200008 0.394767
vt 0.233431 0.406808
vt 0.269205 0.408514
vt 0.200038 0.402324
vt 0.263870 0.388409
vt 0.231855 0.388409
vt 0.199841 0.388409
vt 0.167826 0.388409
vt 0.167826 0.390613
vt 0.167826 0.392817
vt 0.167826 0.395021
vt 0.449295 0.395586
vt 0.448959 0.405246
vt 0.399569 0.405246
vt 0.399130 0.395586
vt 0.448833 0.419872
vt 0.399750 0.419872
vt 0.351832 0.405246
vt 0.350076 0.395586
vt 0.352500 0.419872
vt 0.499122 0.395586
vt 0.498475 0.405246
vt 0.498259 0.419872
vt 0.308624 0.419872
vt 0.307686 0.405246
vt 0.304869 0.395586
vt 0.635219 0.395586
vt 0.631150 0.405246
vt 0.591584 0.405246
vt 0.593018 0.395586
vt 0.629601 0.419872
vt 0.590993 0.419872
vt 0.546619 0.405246
vt 0.547189 0.395586
vt 0.546396 0.419872
vt 0.688728 0.388409
vt 0.668185 0.395586
vt 0.641843 0.388409
vt 0.661747 0.405246
vt 0.659600 0.419872
vt 0.548074 0.388409
vt 0.594958 0.388409
vt 0.807846 0.395371
vt 0.807969 0.403522
vt 0.773984 0.404694
vt 0.773002 0.395517
vt 0.808019 0.414639
vt 0.774388 0.418286
vt 0.743697 0.405177
vt 0.740642 0.395578
vt 0.744859 0.419674
vt 0.843686 0.395172
vt 0.843686 0.401936
vt 0.843686 0.408699
vt 0.721612 0.419872
vt 0.719994 0.405246
vt 0.715142 0.395586
vt 0.266757 0.395578
vt 0.268530 0.405177
vt 0.233196 0.404695
vt 0.232626 0.395517
vt 0.269205 0.419674
vt 0.233431 0.418286
vt 0.200008 0.403522
vt 0.199937 0.395371
vt 0.200038 0.414639
vt 0.167826 0.408699
vt 0.167826 0.401936
vt 0.167826 0.395172
vt 0.922528 0.199791
vt 0.918041 0.231457
vt 0.870651 0.230801
vt 0.870672 0.199709
vt 0.917473 0.262150
vt 0.870650 0.259893
vt 0.823171 0.231457
vt 0.818754 0.199791
vt 0.823737 0.262150
vt 0.990886 0.167826
vt 0.964129 0.199933
vt 0.930796 0.167826
vt 0.956585 0.232590
vt 0.956213 0.266639
vt 0.961384 0.306922
vt 0.917770 0.288855
vt 0.870664 0.284109
vt 0.823490 0.288855
vt 0.810616 0.167826
vt 0.870706 0.167826
vt 0.955361 0.568406
vt 0.961559 0.594958
vt 0.957245 0.594959
vt 0.951323 0.569790
vt 0.955361 0.621511
vt 0.951323 0.620127
vt 0.947908 0.594959
vt 0.942693 0.572140
vt 0.942693 0.617777
vt 0.938545 0.544727
vt 0.957624 0.567488
vt 0.936774 0.546403
vt 0.963984 0.594959
vt 0.957624 0.622429
vt 0.938545 0.645190
vt 0.936774 0.643514
vt 0.933595 0.640995
vt 0.927284 0.636311
vt 0.919743 0.630790
vt 0.926896 0.616217
vt 0.930488 0.594958
vt 0.926895 0.573700
vt 0.927284 0.553606
vt 0.919743 0.559127
vt 0.933595 0.548922
vt 0.917197 0.687038
vt 0.915832 0.695491
vt 0.870639 0.695953
vt 0.870649 0.688633
vt 0.915226 0.706101
vt 0.870635 0.706159
vt 0.825343 0.695491
vt 0.824009 0.687038
vt 0.825939 0.706101
vt 0.961384 0.665767
vt 0.955812 0.683563
vt 0.917770 0.679123
vt 0.953375 0.694598
vt 0.952493 0.705990
vt 0.952367 0.721843
vt 0.915139 0.721843
vt 0.870635 0.721843
vt 0.826024 0.721843
vt 0.823490 0.679123
vt 0.870664 0.682593
vt 0.915415 0.745025
vt 0.917347 0.774446
vt 0.870647 0.774446
vt 0.870636 0.745025
vt 0.922441 0.808026
vt 0.870672 0.808026
vt 0.823851 0.774446
vt 0.825753 0.745025
vt 0.818839 0.808026
vt 0.952768 0.745025
vt 0.955577 0.774446
vt 0.964003 0.808026
vt 0.990886 0.843686
vt 0.930796 0.843686
vt 0.870706 0.843686
vt 0.810616 0.843686
vt 0.080277 0.199791
vt 0.130631 0.199709
vt 0.130639 0.230801
vt 0.084522 0.231457
vt 0.181009 0.199791
vt 0.176792 0.231457
vt 0.130640 0.259893
vt 0.085078 0.262150
vt 0.176236 0.262150
vt 0.014310 0.167826
vt 0.072464 0.167826
vt 0.039600 0.199933
vt 0.130619 0.167826
vt 0.188773 0.167826
vt 0.176410 0.288855
vt 0.130635 0.284109
vt 0.084885 0.288855
vt 0.047110 0.266639
vt 0.042291 0.306922
vt 0.046737 0.232590
vt 0.834576 0.328773
vt 0.870706 0.323666
vt 0.870706 0.327388
vt 0.836324 0.332257
vt 0.906836 0.328773
vt 0.905088 0.332257
vt 0.870706 0.335122
vt 0.839486 0.339406
vt 0.901926 0.339406
vt 0.802868 0.342383
vt 0.833607 0.326590
vt 0.804638 0.344090
vt 0.870706 0.321325
vt 0.907805 0.326590
vt 0.938545 0.342383
vt 0.936775 0.344090
vt 0.933595 0.346832
vt 0.927284 0.352063
vt 0.919743 0.358264
vt 0.899800 0.352389
vt 0.870706 0.349438
vt 0.841613 0.352389
vt 0.814128 0.352063
vt 0.821669 0.358264
vt 0.807817 0.346832
vt 0.085339 0.687311
vt 0.130640 0.688909
vt 0.130644 0.696157
vt 0.086608 0.695694
vt 0.175977 0.687311
vt 0.174719 0.695694
vt 0.130645 0.706288
vt 0.087176 0.706231
vt 0.174155 0.706231
vt 0.042291 0.666077
vt 0.084885 0.679452
vt 0.047489 0.683831
vt 0.130635 0.682927
vt 0.176410 0.679452
vt 0.174074 0.721911
vt 0.130646 0.721911
vt 0.087258 0.721911
vt 0.050598 0.706119
vt 0.050716 0.721911
vt 0.049771 0.694799
vt 0.086997 0.745054
vt 0.130645 0.745054
vt 0.130641 0.774455
vt 0.085171 0.774455
vt 0.174333 0.745054
vt 0.176147 0.774455
vt 0.130632 0.808027
vt 0.080359 0.808027
vt 0.180929 0.808027
vt 0.050337 0.745054
vt 0.188773 0.843686
vt 0.130619 0.843686
vt 0.072464 0.843686
vt 0.039718 0.808027
vt 0.014310 0.843686
vt 0.047682 0.774455
vt 0.997230 0.740642
vt 0.997318 0.773002
vt 0.991496 0.773984
vt 0.990794 0.743697
vt 0.997531 0.807846
vt 0.993201 0.807969
vt 0.979254 0.774388
vt 0.977235 0.744859
vt 0.984558 0.808019
vt 1.000130 0.699661
vt 1.000131 0.735667
vt 0.997218 0.715142
vt 1.000131 0.771674
vt 1.000131 0.807680
vt 1.000131 0.843686
vt 0.997819 0.843686
vt 0.995508 0.843686
vt 0.993197 0.843686
vt 0.976947 0.721612
vt 0.990693 0.719994
vt 0.997320 0.685092
vt 0.997249 0.693783
vt 0.990945 0.693623
vt 0.991513 0.681624
vt 0.997221 0.701685
vt 0.990725 0.704597
vt 0.977671 0.693907
vt 0.979360 0.681369
vt 0.977037 0.705744
vt 1.000130 0.688728
vt 1.000131 0.691461
vt 0.997438 0.668277
vt 1.000131 0.694194
vt 1.000131 0.696928
vt 0.982587 0.662105
vt 0.992459 0.662482
vt 0.997587 0.350055
vt 0.997677 0.399127
vt 0.994371 0.399544
vt 0.993646 0.351665
vt 0.997647 0.449306
vt 0.994133 0.449050
vt 0.989605 0.399651
vt 0.987175 0.352158
vt 0.988592 0.448891
vt 1.000130 0.295884
vt 1.000131 0.347210
vt 0.997438 0.304839
vt 1.000131 0.398537
vt 1.000131 0.449863
vt 1.000130 0.501189
vt 0.997604 0.499140
vt 0.993788 0.498612
vt 0.986806 0.498735
vt 0.967196 0.499574
vt 0.980713 0.446793
vt 0.983751 0.399467
vt 0.978744 0.353615
vt 0.982587 0.307834
vt 0.992459 0.307447
vt 0.997535 0.199936
vt 0.997349 0.232619
vt 0.991748 0.233137
vt 0.993232 0.200001
vt 0.997332 0.266736
vt 0.991613 0.268358
vt 0.979979 0.233180
vt 0.984648 0.200006
vt 0.979649 0.268515
vt 1.000131 0.167826
vt 1.000131 0.199841
vt 0.997819 0.167826
vt 1.000131 0.231855
vt 1.000131 0.263870
vt 0.993197 0.167826
vt 0.995508 0.167826
vt 0.004232 0.740658
vt 0.011676 0.743721
vt 0.011012 0.773991
vt 0.004149 0.773006
vt 0.025851 0.744887
vt 0.023943 0.774397
vt 0.009401 0.807970
vt 0.003948 0.807846
vt 0.018930 0.808020
vt 0.000131 0.699661
vt 0.004244 0.715190
vt 0.000131 0.735667
vt 0.011771 0.720057
vt 0.026124 0.721679
vt 0.010765 0.843686
vt 0.007220 0.843686
vt 0.003675 0.843686
vt 0.000131 0.807680
vt 0.000131 0.843686
vt 0.000131 0.771674
vt 0.004148 0.685368
vt 0.011000 0.681885
vt 0.011535 0.693821
vt 0.004215 0.693983
vt 0.023857 0.681629
vt 0.025445 0.694106
vt 0.011741 0.704722
vt 0.004240 0.701801
vt 0.026039 0.705873
vt 0.000131 0.689136
vt 0.004035 0.668591
vt 0.000131 0.691767
vt 0.010095 0.662769
vt 0.020778 0.662393
vt 0.000131 0.697030
vt 0.000131 0.694398
vt 0.003891 0.350055
vt 0.008944 0.351665
vt 0.008241 0.399550
vt 0.003803 0.399131
vt 0.016323 0.352158
vt 0.013964 0.399657
vt 0.008484 0.449072
vt 0.003833 0.449321
vt 0.014987 0.448911
vt 0.000131 0.295884
vt 0.004035 0.304839
vt 0.000131 0.347210
vt 0.010095 0.307447
vt 0.020778 0.307834
vt 0.025376 0.353615
vt 0.020515 0.399471
vt 0.023526 0.446807
vt 0.036847 0.499611
vt 0.016759 0.498791
vt 0.008828 0.498671
vt 0.003876 0.499187
vt 0.000131 0.449863
vt 0.000131 0.501189
vt 0.000131 0.398537
vt 0.003944 0.199936
vt 0.009371 0.200001
vt 0.010776 0.233137
vt 0.004120 0.232619
vt 0.018845 0.200006
vt 0.023264 0.233180
vt 0.010906 0.268358
vt 0.004136 0.266736
vt 0.023584 0.268515
vt 0.000131 0.167826
vt 0.003675 0.167826
vt 0.000131 0.199841
vt 0.007220 0.167826
vt 0.010765 0.167826
vt 0.000131 0.263870
vt 0.000131 0.231855
vt 0.997647 0.547204
vt 0.997677 0.593045
vt 0.994371 0.591802
vt 0.994133 0.546740
vt 0.997587 0.635286
vt 0.993646 0.631683
vt 0.989605 0.591705
vt 0.988592 0.547012
vt 0.987175 0.631169
vt 1.000131 0.548074
vt 1.000131 0.594958
vt 1.000131 0.641843
vt 0.978744 0.631289
vt 0.983751 0.592457
vt 0.980713 0.549629
vt 0.095892 0.328773
vt 0.130619 0.323666
vt 0.130619 0.327388
vt 0.097587 0.332257
vt 0.165345 0.328773
vt 0.163650 0.332257
vt 0.130619 0.335122
vt 0.100630 0.339406
vt 0.160608 0.339406
vt 0.065361 0.342383
vt 0.094931 0.326590
vt 0.067117 0.344090
vt 0.130619 0.321325
vt 0.166307 0.326590
vt 0.195877 0.342383
vt 0.194120 0.344090
vt 0.191038 0.346832
vt 0.184965 0.352063
vt 0.177720 0.358264
vt 0.158564 0.352389
vt 0.130619 0.349438
vt 0.102674 0.352389
vt 0.076272 0.352063
vt 0.083517 0.358264
vt 0.070199 0.346832
vt 0.701682 0.395586
vt 0.704574 0.405246
vt 0.693439 0.405246
vt 0.693760 0.395586
vt 0.705669 0.419872
vt 0.693307 0.419872
vt 0.681095 0.405246
vt 0.685026 0.395586
vt 0.679603 0.419872
vt 0.696928 0.388409
vt 0.705826 0.441946
vt 0.693288 0.441946
vt 0.679390 0.441946
vt 0.691461 0.388409
vt 0.694194 0.388409
vt 0.662447 0.701415
vt 0.643141 0.703101
vt 0.643118 0.693369
vt 0.662444 0.693668
vt 0.623840 0.701195
vt 0.623793 0.693447
vt 0.643118 0.682580
vt 0.662444 0.685128
vt 0.623793 0.684907
vt 0.681770 0.696928
vt 0.604467 0.696486
vt 0.604467 0.693753
vt 0.604467 0.691019
vt 0.681770 0.691461
vt 0.681770 0.694194
vt 0.705669 0.473124
vt 0.704574 0.511751
vt 0.693439 0.511751
vt 0.693307 0.473124
vt 0.701682 0.555343
vt 0.693760 0.555343
vt 0.681095 0.511751
vt 0.679603 0.473124
vt 0.685026 0.555343
vt 0.696928 0.601418
vt 0.694194 0.601418
vt 0.691461 0.601418
vt 0.751785 0.547012
vt 0.750743 0.591705
vt 0.745271 0.591802
vt 0.745518 0.546740
vt 0.753182 0.631169
vt 0.745999 0.631683
vt 0.741163 0.593045
vt 0.741194 0.547204
vt 0.741254 0.635286
vt 0.760223 0.549629
vt 0.757135 0.592457
vt 0.762160 0.631289
vt 0.737863 0.641843
vt 0.737863 0.594958
vt 0.737863 0.548074
vt 0.003833 0.547320
vt 0.008484 0.546863
vt 0.008241 0.591999
vt 0.003803 0.593245
vt 0.014987 0.547133
vt 0.013964 0.591902
vt 0.008944 0.631944
vt 0.003891 0.635562
vt 0.016323 0.631429
vt 0.000131 0.548176
vt 0.023526 0.549747
vt 0.020515 0.592655
vt 0.025376 0.631556
vt 0.000131 0.642149
vt 0.000131 0.595162
vt 0.955361 0.368762
vt 0.961559 0.398537
vt 0.957245 0.398537
vt 0.951323 0.370269
vt 0.955361 0.428311
vt 0.951323 0.426804
vt 0.947908 0.398537
vt 0.942693 0.372892
vt 0.942693 0.424181
vt 0.957624 0.367828
vt 0.963984 0.398537
vt 0.957624 0.429246
vt 0.938545 0.454690
vt 0.936775 0.452983
vt 0.933595 0.450241
vt 0.927284 0.445010
vt 0.919743 0.438809
vt 0.926896 0.422430
vt 0.930489 0.398537
vt 0.926896 0.374643
vt 0.701799 0.391122
vt 0.693960 0.391122
vt 0.693636 0.396887
vt 0.704699 0.396887
vt 0.685302 0.391122
vt 0.681353 0.396887
vt 0.693502 0.408758
vt 0.705797 0.408758
vt 0.679854 0.408758
vt 0.697030 0.388409
vt 0.694398 0.388409
vt 0.691767 0.388409
vt 0.679640 0.429788
vt 0.693483 0.429788
vt 0.705954 0.429788
vt 0.337814 0.701531
vt 0.337817 0.693869
vt 0.357143 0.693567
vt 0.357120 0.703222
vt 0.337817 0.685405
vt 0.357143 0.682845
vt 0.376468 0.693648
vt 0.376421 0.701311
vt 0.376468 0.685184
vt 0.318491 0.697030
vt 0.318491 0.694398
vt 0.318491 0.691767
vt 0.395794 0.691325
vt 0.395794 0.693957
vt 0.395794 0.696588
vt 0.705797 0.462010
vt 0.693502 0.462010
vt 0.693636 0.503392
vt 0.704699 0.503392
vt 0.679854 0.462010
vt 0.681353 0.503392
vt 0.693960 0.550879
vt 0.701799 0.550878
vt 0.685302 0.550878
vt 0.691767 0.601418
vt 0.694398 0.601418
vt 0.697030 0.601418
vt 0.246642 0.547133
vt 0.253418 0.546863
vt 0.253665 0.591999
vt 0.247675 0.591902
vt 0.258375 0.547320
vt 0.258406 0.593245
vt 0.252961 0.631944
vt 0.245313 0.631429
vt 0.258318 0.635562
vt 0.237892 0.549747
vt 0.262398 0.548176
vt 0.262398 0.595162
vt 0.262398 0.642149
vt 0.236053 0.631556
vt 0.240922 0.592655
vt 0.971121 0.358702
vt 0.977482 0.399083
vt 0.971693 0.398718
vt 0.965054 0.363563
vt 0.972337 0.440028
vt 0.965446 0.434008
vt 0.967164 0.398559
vt 0.960618 0.366413
vt 0.960667 0.430722
vt 0.950962 0.325452
vt 0.952939 0.473189
vt 0.945427 0.462651
vt 0.941017 0.457297
vt 0.940945 0.339820
vt 0.944856 0.334778
vt 0.916012 0.488310
vt 0.870691 0.491904
vt 0.870701 0.484296
vt 0.911827 0.479227
vt 0.825347 0.488310
vt 0.829568 0.479227
vt 0.870705 0.479033
vt 0.909189 0.473642
vt 0.832221 0.473642
vt 0.919032 0.500576
vt 0.870685 0.500846
vt 0.822297 0.500576
vt 0.788360 0.473189
vt 0.795953 0.462652
vt 0.800391 0.457297
vt 0.802868 0.454690
vt 0.833607 0.470483
vt 0.870706 0.475748
vt 0.907805 0.470483
vt 0.768898 0.440028
vt 0.763721 0.399083
vt 0.769659 0.398718
vt 0.775916 0.434008
vt 0.770094 0.358702
vt 0.776302 0.363563
vt 0.774240 0.398559
vt 0.780739 0.430722
vt 0.780787 0.366413
vt 0.790303 0.325452
vt 0.796514 0.334778
vt 0.800461 0.339820
vt 0.783788 0.367828
vt 0.777428 0.398537
vt 0.783788 0.429246
vt 0.826473 0.306695
vt 0.870683 0.301020
vt 0.870698 0.311668
vt 0.829953 0.317331
vt 0.914861 0.306695
vt 0.911435 0.317331
vt 0.870705 0.317902
vt 0.832269 0.323367
vt 0.909140 0.323367
vt 0.087851 0.306695
vt 0.130628 0.301020
vt 0.130622 0.311668
vt 0.091295 0.317331
vt 0.173416 0.306695
vt 0.169951 0.317331
vt 0.130619 0.317902
vt 0.093595 0.323367
vt 0.167644 0.323367
vt 0.052864 0.325452
vt 0.208429 0.325452
vt 0.202226 0.334778
vt 0.198282 0.339820
vt 0.062957 0.339820
vt 0.059027 0.334778
vt 0.227988 0.358702
vt 0.234150 0.399085
vt 0.228143 0.398718
vt 0.221733 0.363563
vt 0.229123 0.440034
vt 0.222099 0.434009
vt 0.223539 0.398559
vt 0.217234 0.366413
vt 0.217279 0.430722
vt 0.210271 0.473198
vt 0.202759 0.462654
vt 0.198349 0.457297
vt 0.195877 0.454690
vt 0.214230 0.429246
vt 0.220348 0.398537
vt 0.214230 0.367828
vt 0.174479 0.488317
vt 0.130624 0.491908
vt 0.130621 0.484297
vt 0.170317 0.479229
vt 0.086778 0.488317
vt 0.090927 0.479229
vt 0.130619 0.479033
vt 0.167690 0.473642
vt 0.093549 0.473642
vt 0.177480 0.500590
vt 0.130627 0.500854
vt 0.083789 0.500590
vt 0.051010 0.473198
vt 0.058491 0.462654
vt 0.062890 0.457298
vt 0.065361 0.454690
vt 0.094931 0.470483
vt 0.130619 0.475748
vt 0.166307 0.470483
vt 0.032181 0.440034
vt 0.027167 0.399085
vt 0.033117 0.398718
vt 0.039157 0.434009
vt 0.033323 0.358702
vt 0.039525 0.363563
vt 0.037701 0.398559
vt 0.043960 0.430722
vt 0.044006 0.366413
vt 0.047007 0.367828
vt 0.040889 0.398537
vt 0.047007 0.429246
vt 0.972337 0.556635
vt 0.977482 0.593561
vt 0.971693 0.594502
vt 0.965446 0.562710
vt 0.971121 0.628791
vt 0.965054 0.625832
vt 0.967164 0.594901
vt 0.960667 0.566009
vt 0.960618 0.623736
vt 0.952939 0.526290
vt 0.950962 0.656769
vt 0.944856 0.651258
vt 0.940945 0.647561
vt 0.941017 0.542123
vt 0.945426 0.536793
vt 0.914861 0.672205
vt 0.870683 0.676796
vt 0.870698 0.671493
vt 0.911435 0.666559
vt 0.826473 0.672205
vt 0.829953 0.666559
vt 0.870705 0.667176
vt 0.909140 0.662288
vt 0.832269 0.662288
vt 0.790302 0.656769
vt 0.796514 0.651258
vt 0.800461 0.647561
vt 0.802868 0.645190
vt 0.833607 0.659318
vt 0.870706 0.664027
vt 0.907805 0.659318
vt 0.770094 0.628791
vt 0.763721 0.593561
vt 0.769659 0.594502
vt 0.776302 0.625832
vt 0.768898 0.556635
vt 0.775916 0.562710
vt 0.774240 0.594901
vt 0.780787 0.623736
vt 0.780739 0.566009
vt 0.788359 0.526290
vt 0.795953 0.536793
vt 0.800391 0.542123
vt 0.802868 0.544727
vt 0.783788 0.567488
vt 0.777428 0.594959
vt 0.783788 0.622429
vt 0.825347 0.512828
vt 0.870691 0.509774
vt 0.870701 0.517356
vt 0.829568 0.521876
vt 0.916012 0.512828
vt 0.911827 0.521876
vt 0.870705 0.522607
vt 0.832220 0.527444
vt 0.909190 0.527444
vt 0.907805 0.530599
vt 0.870706 0.525890
vt 0.833607 0.530599
vt 0.086778 0.512850
vt 0.130624 0.509786
vt 0.130621 0.517371
vt 0.090927 0.521903
vt 0.174479 0.512850
vt 0.170317 0.521903
vt 0.130619 0.522624
vt 0.093549 0.527473
vt 0.167690 0.527473
vt 0.051010 0.526347
vt 0.210271 0.526347
vt 0.202759 0.536858
vt 0.198349 0.542191
vt 0.195877 0.544795
vt 0.166307 0.530629
vt 0.130619 0.525907
vt 0.094931 0.530629
vt 0.062890 0.542191
vt 0.065361 0.544795
vt 0.058491 0.536858
vt 0.229123 0.556757
vt 0.234150 0.593762
vt 0.228143 0.594705
vt 0.222099 0.562838
vt 0.227988 0.629065
vt 0.221733 0.626109
vt 0.223539 0.595105
vt 0.217279 0.566139
vt 0.217234 0.624014
vt 0.208429 0.657099
vt 0.202226 0.651595
vt 0.198282 0.647900
vt 0.195877 0.645530
vt 0.214230 0.622707
vt 0.220348 0.595163
vt 0.214230 0.567618
vt 0.173416 0.672564
vt 0.130628 0.677164
vt 0.130622 0.671877
vt 0.169951 0.666932
vt 0.087851 0.672564
vt 0.091295 0.666932
vt 0.130619 0.667567
vt 0.167644 0.662666
vt 0.093595 0.662666
vt 0.052864 0.657099
vt 0.059027 0.651595
vt 0.062957 0.647900
vt 0.065361 0.645530
vt 0.094931 0.659696
vt 0.130619 0.664418
vt 0.166307 0.659696
vt 0.033323 0.629065
vt 0.027167 0.593761
vt 0.033117 0.594705
vt 0.039525 0.626108
vt 0.032181 0.556757
vt 0.039157 0.562838
vt 0.037701 0.595105
vt 0.044006 0.624014
vt 0.043960 0.566139
vt 0.047007 0.567618
vt 0.040889 0.595163
vt 0.047007 0.622707
vt 0.901713 0.373071
vt 0.903378 0.398537
vt 0.870706 0.398537
vt 0.870706 0.371703
vt 0.901713 0.424002
vt 0.870706 0.425370
vt 0.838034 0.398537
vt 0.839700 0.373071
vt 0.839700 0.424002
vt 0.899800 0.444684
vt 0.870706 0.447635
vt 0.841613 0.444684
vt 0.821669 0.438809
vt 0.814517 0.422430
vt 0.810924 0.398537
vt 0.814517 0.374643
vt 0.100836 0.373071
vt 0.130619 0.371703
vt 0.130619 0.398536
vt 0.099236 0.398537
vt 0.160401 0.373071
vt 0.162001 0.398537
vt 0.130619 0.425370
vt 0.100836 0.424002
vt 0.160401 0.424002
vt 0.076647 0.374643
vt 0.184590 0.374643
vt 0.188042 0.398536
vt 0.184590 0.422430
vt 0.177720 0.438809
vt 0.158564 0.444684
vt 0.130619 0.447635
vt 0.102674 0.444684
vt 0.076647 0.422430
vt 0.083517 0.438809
vt 0.073196 0.398536
vt 0.901713 0.572302
vt 0.903378 0.594959
vt 0.870706 0.594959
vt 0.870706 0.571085
vt 0.901713 0.617615
vt 0.870706 0.618832
vt 0.838034 0.594959
vt 0.839700 0.572302
vt 0.839700 0.617615
vt 0.899799 0.553901
vt 0.899799 0.636016
vt 0.870706 0.638642
vt 0.841613 0.636017
vt 0.821669 0.630790
vt 0.814517 0.616217
vt 0.810924 0.594958
vt 0.814517 0.573700
vt 0.841613 0.553901
vt 0.821669 0.559127
vt 0.870706 0.551275
vt 0.100836 0.572441
vt 0.130619 0.571221
vt 0.130619 0.595162
vt 0.099236 0.595162
vt 0.160401 0.572441
vt 0.162001 0.595162
vt 0.130619 0.619104
vt 0.100836 0.617884
vt 0.160401 0.617884
vt 0.083517 0.559229
vt 0.102674 0.553988
vt 0.076647 0.573843
vt 0.130619 0.551355
vt 0.158564 0.553988
vt 0.177720 0.559229
vt 0.184590 0.573843
vt 0.188042 0.595162
vt 0.184590 0.616482
vt 0.177720 0.631096
vt 0.158564 0.636337
vt 0.130619 0.638970
vt 0.102674 0.636337
vt 0.076647 0.616482
vt 0.083517 0.631096
vt 0.073196 0.595162
vt 0.049252 0.428311
vt 0.043296 0.398536
vt 0.047479 0.398537
vt 0.053168 0.426804
vt 0.049252 0.368762
vt 0.053168 0.370269
vt 0.056461 0.398537
vt 0.061471 0.424181
vt 0.061471 0.372892
vt 0.067117 0.452983
vt 0.076272 0.445010
vt 0.070199 0.450241
vt 0.095892 0.532773
vt 0.130619 0.528206
vt 0.130619 0.531635
vt 0.097587 0.535982
vt 0.165345 0.532773
vt 0.163650 0.535982
vt 0.130619 0.538576
vt 0.100630 0.542398
vt 0.160608 0.542398
vt 0.067117 0.546472
vt 0.194120 0.546472
vt 0.191038 0.548996
vt 0.184965 0.553693
vt 0.076272 0.553693
vt 0.070199 0.548996
vt 0.906836 0.468300
vt 0.870706 0.473407
vt 0.870706 0.469685
vt 0.905088 0.464816
vt 0.834576 0.468300
vt 0.836324 0.464816
vt 0.870706 0.461951
vt 0.901926 0.457667
vt 0.839486 0.457667
vt 0.804638 0.452983
vt 0.807817 0.450241
vt 0.814128 0.445010
vt 0.834576 0.532743
vt 0.870706 0.528188
vt 0.870706 0.531610
vt 0.836324 0.535945
vt 0.906836 0.532743
vt 0.905088 0.535945
vt 0.870706 0.538532
vt 0.839486 0.542344
vt 0.901926 0.542344
vt 0.804638 0.546403
vt 0.814128 0.553606
vt 0.807817 0.548922
vt 0.211985 0.368762
vt 0.217942 0.398536
vt 0.213759 0.398537
vt 0.208069 0.370269
vt 0.211985 0.428311
vt 0.208069 0.426804
vt 0.204776 0.398537
vt 0.199766 0.372892
vt 0.199766 0.424181
vt 0.194120 0.452983
vt 0.191038 0.450241
vt 0.184965 0.445010
vt 0.049252 0.621789
vt 0.043296 0.595163
vt 0.047479 0.595162
vt 0.053168 0.620402
vt 0.049252 0.568536
vt 0.053168 0.569923
vt 0.056461 0.595162
vt 0.061471 0.618046
vt 0.061471 0.572279
vt 0.067117 0.643853
vt 0.076272 0.636632
vt 0.070199 0.641329
vt 0.786051 0.428311
vt 0.779854 0.398536
vt 0.784167 0.398537
vt 0.790089 0.426804
vt 0.786051 0.368762
vt 0.790089 0.370269
vt 0.793504 0.398537
vt 0.798719 0.424181
vt 0.798719 0.372892
vt 0.906836 0.657174
vt 0.870706 0.661729
vt 0.870706 0.658307
vt 0.905088 0.653972
vt 0.834576 0.657174
vt 0.836324 0.653972
vt 0.870706 0.651385
vt 0.901926 0.647573
vt 0.839486 0.647573
vt 0.804638 0.643514
vt 0.807817 0.640995
vt 0.814128 0.636311
vt 0.165345 0.468300
vt 0.130619 0.473407
vt 0.130619 0.469685
vt 0.163650 0.464816
vt 0.095892 0.468300
vt 0.097587 0.464816
vt 0.130619 0.461951
vt 0.160608 0.457667
vt 0.100630 0.457667
vt 0.211985 0.568536
vt 0.217942 0.595163
vt 0.213759 0.595162
vt 0.208070 0.569923
vt 0.211985 0.621789
vt 0.208070 0.620402
vt 0.204776 0.595162
vt 0.199766 0.572279
vt 0.199766 0.618046
vt 0.194120 0.643853
vt 0.191038 0.641329
vt 0.184965 0.636632
vt 0.786051 0.621511
vt 0.779854 0.594958
vt 0.784167 0.594958
vt 0.790089 0.620127
vt 0.786051 0.568406
vt 0.790089 0.569790
vt 0.793504 0.594959
vt 0.798719 0.617777
vt 0.798719 0.572140
vt 0.165345 0.657552
vt 0.130619 0.662119
vt 0.130619 0.658690
vt 0.163650 0.654343
vt 0.095892 0.657551
vt 0.097587 0.654343
vt 0.130619 0.651749
vt 0.160608 0.647927
vt 0.100630 0.647927
vt 0.599796 0.735364
vt 0.600524 0.771312
vt 0.592136 0.771238
vt 0.591914 0.735230
vt 0.599796 0.807261
vt 0.591914 0.807242
vt 0.584993 0.771232
vt 0.584965 0.735226
vt 0.584965 0.807238
vt 0.597946 0.699219
vt 0.597946 0.843244
vt 0.591425 0.843244
vt 0.584904 0.843244
vt 0.578383 0.843244
vt 0.578383 0.807238
vt 0.578383 0.771232
vt 0.578383 0.735225
vt 0.584904 0.699219
vt 0.578383 0.699219
vt 0.591425 0.699219
vt 0.571862 0.735225
vt 0.571862 0.771232
vt 0.565341 0.771232
vt 0.565341 0.735225
vt 0.571862 0.807238
vt 0.565341 0.807238
vt 0.558820 0.771232
vt 0.558820 0.735225
vt 0.558820 0.807238
vt 0.571862 0.699219
vt 0.571862 0.843244
vt 0.565341 0.843244
vt 0.558820 0.843244
vt 0.552299 0.843244
vt 0.552299 0.807238
vt 0.552299 0.771232
vt 0.552299 0.735225
vt 0.558820 0.699219
vt 0.552299 0.699219
vt 0.565341 0.699219
vt 0.545778 0.735225
vt 0.545778 0.771232
vt 0.539257 0.771232
vt 0.539257 0.735225
vt 0.545778 0.807238
vt 0.539257 0.807238
vt 0.532736 0.771232
vt 0.532736 0.735225
vt 0.532736 0.807238
vt 0.545778 0.699219
vt 0.545778 0.843244
vt 0.539257 0.843244
vt 0.532736 0.843244
vt 0.526215 0.843244
vt 0.526215 0.807238
vt 0.526215 0.771232
vt 0.526215 0.735225
vt 0.532736 0.699219
vt 0.526215 0.699219
vt 0.539257 0.699219
vt 0.519694 0.735225
vt 0.519694 0.771232
vt 0.513173 0.771232
vt 0.513173 0.735225
vt 0.519694 0.807238
vt 0.513173 0.807238
vt 0.506652 0.771232
vt 0.506652 0.735225
vt 0.506652 0.807238
vt 0.519694 0.699219
vt 0.519694 0.843244
vt 0.513173 0.843244
vt 0.506652 0.843244
vt 0.500130 0.843244
vt 0.500130 0.807238
vt 0.500131 0.771232
vt 0.500131 0.735225
vt 0.506652 0.699219
vt 0.500130 0.699219
vt 0.513173 0.699219
vt 0.493610 0.735225
vt 0.493610 0.771232
vt 0.487088 0.771232
vt 0.487088 0.735225
vt 0.493610 0.807238
vt 0.487089 0.807238
vt 0.480567 0.771232
vt 0.480567 0.735225
vt 0.480568 0.807238
vt 0.493610 0.699219
vt 0.493610 0.843244
vt 0.487089 0.843244
vt 0.480568 0.843244
vt 0.474046 0.843244
vt 0.474046 0.807238
vt 0.474046 0.771232
vt 0.474046 0.735225
vt 0.480568 0.699219
vt 0.474046 0.699219
vt 0.487089 0.699219
vt 0.467526 0.735225
vt 0.467525 0.771232
vt 0.461004 0.771232
vt 0.461004 0.735225
vt 0.467525 0.807238
vt 0.461004 0.807238
vt 0.454483 0.771232
vt 0.454483 0.735225
vt 0.454483 0.807238
vt 0.467526 0.699219
vt 0.467526 0.843244
vt 0.461004 0.843244
vt 0.454483 0.843244
vt 0.447962 0.843244
vt 0.447962 0.807238
vt 0.447962 0.771232
vt 0.447962 0.735225
vt 0.454483 0.699219
vt 0.447962 0.699219
vt 0.461004 0.699219
vt 0.441441 0.735225
vt 0.441441 0.771232
vt 0.434920 0.771232
vt 0.434920 0.735225
vt 0.441441 0.807238
vt 0.434920 0.807238
vt 0.428399 0.771232
vt 0.428399 0.735225
vt 0.428399 0.807238
vt 0.441441 0.699219
vt 0.441441 0.843244
vt 0.434920 0.843244
vt 0.428399 0.843244
vt 0.428399 0.699219
vt 0.434920 0.699219
s 0
usemtl Poliigon_CorkRandom_9251_1K
f 2/1/1 1/2/1 4/3/1 3/4/1
s 1
usemtl Poliigon_MetalTitaniumCast_13312_256
f 822/5/2 823/6/3 826/7/3 825/8/2
f 823/6/3 824/9/4 827/10/4 826/7/3
f 825/8/2 826/7/3 829/11/3 828/12/2
f 826/7/3 827/10/4 830/13/4 829/11/3
f 62/14/5 416/15/2 822/5/2 432/16/5
f 416/15/2 415/17/3 823/6/3 822/5/2
f 415/17/3 414/18/4 824/9/4 823/6/3
f 414/18/4 18/19/6 141/20/6 824/9/4
f 824/9/4 141/20/6 142/21/6 827/10/4
f 827/10/4 142/21/6 143/22/6 830/13/4
f 830/13/4 143/22/6 8/23/6 411/24/4
f 829/11/3 830/13/4 411/24/4 412/25/3
f 828/12/2 829/11/3 412/25/3 413/26/2
f 434/27/5 828/12/2 413/26/2 61/28/5
f 433/29/5 825/8/2 828/12/2 434/27/5
f 432/16/5 822/5/2 825/8/2 433/29/5
f 831/30/7 832/31/7 835/32/8 834/33/8
f 832/31/7 833/34/7 836/35/8 835/32/8
f 834/33/8 835/32/8 838/36/9 837/37/9
f 835/32/8 836/35/8 839/38/9 838/36/9
f 49/39/10 353/40/10 831/30/7 264/41/7
f 353/40/10 352/42/10 832/31/7 831/30/7
f 352/42/10 351/43/10 833/34/7 832/31/7
f 351/43/10 45/44/10 150/45/7 833/34/7
f 833/34/7 150/45/7 151/46/8 836/35/8
f 836/35/8 151/46/8 152/47/11 839/38/9
f 839/38/9 152/47/11 9/48/12 246/49/13
f 838/36/9 839/38/9 246/49/13 247/50/14
f 837/37/9 838/36/9 247/50/14 248/51/15
f 266/52/9 837/37/9 248/51/15 32/53/16
f 265/54/8 834/33/8 837/37/9 266/52/9
f 264/41/7 831/30/7 834/33/8 265/54/8
f 840/55/17 841/56/17 844/57/18 843/58/18
f 841/56/17 842/59/17 845/60/18 844/57/18
f 843/58/18 844/57/18 847/61/19 846/62/19
f 844/57/18 845/60/18 848/63/19 847/61/19
f 57/64/20 407/65/20 840/55/17 198/66/17
f 407/65/20 406/67/20 841/56/17 840/55/17
f 406/67/20 405/68/20 842/59/17 841/56/17
f 405/68/20 56/69/20 386/70/17 842/59/17
f 842/59/17 386/70/17 385/71/18 845/60/18
f 845/60/18 385/71/18 384/72/19 848/63/19
f 848/63/19 384/72/19 14/73/21 164/74/21
f 847/61/19 848/63/19 164/74/21 163/75/21
f 846/62/19 847/61/19 163/75/21 162/76/21
f 200/77/22 846/62/19 162/76/21 21/78/21
f 199/79/18 843/58/18 846/62/19 200/77/22
f 198/66/17 840/55/17 843/58/18 199/79/18
f 849/80/23 850/81/24 853/82/24 852/83/23
f 850/81/24 851/84/25 854/85/25 853/82/24
f 852/83/23 853/82/24 856/86/24 855/87/23
f 853/82/24 854/85/25 857/88/25 856/86/24
f 54/89/26 368/90/23 849/80/23 378/91/26
f 368/90/23 367/92/24 850/81/24 849/80/23
f 367/92/24 366/93/25 851/84/25 850/81/24
f 366/93/25 34/53/27 254/51/28 851/84/25
f 851/84/25 254/51/28 253/50/29 854/85/25
f 854/85/25 253/50/29 252/49/30 857/88/25
f 857/88/25 252/49/30 15/48/31 173/94/32
f 856/86/24 857/88/25 173/94/32 172/95/33
f 855/87/23 856/86/24 172/95/33 171/96/23
f 380/97/26 855/87/23 171/96/23 50/98/26
f 379/99/26 852/83/23 855/87/23 380/97/26
f 378/91/26 849/80/23 852/83/23 379/99/26
f 858/100/23 859/101/24 862/102/24 861/103/23
f 859/101/24 860/104/25 863/105/25 862/102/24
f 861/103/23 862/102/24 865/106/24 864/107/23
f 862/102/24 863/105/25 866/108/25 865/106/24
f 51/109/26 359/110/23 858/100/23 375/111/26
f 359/110/23 358/112/24 859/101/24 858/100/23
f 358/112/24 357/113/34 860/104/25 859/101/24
f 357/113/34 16/114/35 170/115/36 860/104/25
f 860/104/25 170/115/36 169/116/37 863/105/25
f 863/105/25 169/116/37 168/117/38 866/108/25
f 866/108/25 168/117/38 22/118/39 360/119/25
f 865/106/24 866/108/25 360/119/25 361/120/24
f 864/107/23 865/106/24 361/120/24 362/121/23
f 377/122/26 864/107/23 362/121/23 52/123/26
f 376/124/26 861/103/23 864/107/23 377/122/26
f 375/111/26 858/100/23 861/103/23 376/124/26
f 867/125/40 868/126/41 871/127/42 870/128/43
f 868/126/41 869/129/44 872/130/45 871/127/42
f 870/128/43 871/127/42 874/131/46 873/132/47
f 871/127/42 872/130/45 875/133/48 874/131/46
f 80/134/49 506/135/50 867/125/40 525/136/51
f 506/135/50 505/137/50 868/126/41 867/125/40
f 505/137/50 504/138/20 869/129/44 868/126/41
f 504/138/20 57/64/20 198/66/17 869/129/44
f 869/129/44 198/66/17 199/79/18 872/130/45
f 872/130/45 199/79/18 200/77/22 875/133/48
f 875/133/48 200/77/22 21/78/21 191/139/52
f 874/131/46 875/133/48 191/139/52 190/140/53
f 873/132/47 874/131/46 190/140/53 189/141/54
f 527/142/55 873/132/47 189/141/54 75/143/56
f 526/144/57 870/128/43 873/132/47 527/142/55
f 525/136/51 867/125/40 870/128/43 526/144/57
f 876/145/7 877/146/7 880/147/8 879/148/8
f 877/146/7 878/149/7 881/150/8 880/147/8
f 879/148/8 880/147/8 883/151/9 882/152/9
f 880/147/8 881/150/8 884/153/9 883/151/9
f 46/154/10 350/155/10 876/145/7 332/156/7
f 350/155/10 349/157/10 877/146/7 876/145/7
f 349/157/10 348/158/10 878/149/7 877/146/7
f 348/158/10 47/159/10 201/160/7 878/149/7
f 878/149/7 201/160/7 202/161/8 881/150/8
f 881/150/8 202/161/8 203/162/9 884/153/9
f 884/153/9 203/162/9 19/118/58 147/117/59
f 883/151/9 884/153/9 147/117/59 148/116/60
f 882/152/9 883/151/9 148/116/60 149/115/61
f 330/163/9 882/152/9 149/115/61 10/114/62
f 331/164/8 879/148/8 882/152/9 330/163/9
f 332/156/7 876/145/7 879/148/8 331/164/8
f 885/165/63 886/166/64 889/167/65 888/168/66
f 886/166/64 887/169/67 890/170/68 889/167/65
f 888/168/66 889/167/65 892/171/69 891/172/70
f 889/167/65 890/170/68 893/173/71 892/171/69
f 87/174/72 566/175/73 885/165/63 429/176/5
f 566/175/73 565/177/74 886/166/64 885/165/63
f 565/177/74 564/178/75 887/169/67 886/166/64
f 564/178/75 82/179/76 180/180/77 887/169/67
f 887/169/67 180/180/77 181/181/78 890/170/68
f 890/170/68 181/181/78 182/182/79 893/173/71
f 893/173/71 182/182/79 18/19/6 414/18/4
f 892/171/69 893/173/71 414/18/4 415/17/3
f 891/172/70 892/171/69 415/17/3 416/15/2
f 431/183/5 891/172/70 416/15/2 62/14/5
f 430/184/5 888/168/66 891/172/70 431/183/5
f 429/176/5 885/165/63 888/168/66 430/184/5
f 894/185/80 895/186/81 898/187/82 897/188/83
f 895/186/81 896/189/84 899/190/85 898/187/82
f 897/188/83 898/187/82 901/191/86 900/192/87
f 898/187/82 899/190/85 902/193/88 901/191/86
f 64/194/89 422/195/90 894/185/80 426/196/91
f 422/195/90 421/197/92 895/186/81 894/185/80
f 421/197/92 420/198/93 896/189/84 895/186/81
f 420/198/93 31/199/94 213/200/95 896/189/84
f 896/189/84 213/200/95 214/201/96 899/190/85
f 899/190/85 214/201/96 215/202/97 902/193/88
f 902/193/88 215/202/97 25/203/98 417/204/99
f 901/191/86 902/193/88 417/204/99 418/205/100
f 900/192/87 901/191/86 418/205/100 419/206/101
f 428/207/102 900/192/87 419/206/101 63/208/103
f 427/209/104 897/188/83 900/192/87 428/207/102
f 426/196/91 894/185/80 897/188/83 427/209/104
f 903/210/105 904/211/106 907/212/107 906/213/108
f 904/211/106 905/214/109 908/215/110 907/212/107
f 906/213/108 907/212/107 910/216/111 909/217/112
f 907/212/107 908/215/110 911/218/113 910/216/111
f 59/219/114 401/220/115 903/210/105 255/221/116
f 401/220/115 400/222/117 904/211/106 903/210/105
f 400/222/117 399/223/118 905/214/109 904/211/106
f 399/223/118 58/224/119 228/225/120 905/214/109
f 905/214/109 228/225/120 229/226/121 908/215/110
f 908/215/110 229/226/121 230/227/122 911/218/113
f 911/218/113 230/227/122 27/228/123 221/229/124
f 910/216/111 911/218/113 221/229/124 220/230/125
f 909/217/112 910/216/111 220/230/125 219/231/126
f 257/232/127 909/217/112 219/231/126 33/233/128
f 256/234/129 906/213/108 909/217/112 257/232/127
f 255/221/116 903/210/105 906/213/108 256/234/129
f 912/235/23 913/236/24 916/237/24 915/238/23
f 913/236/24 914/239/25 917/240/25 916/237/24
f 915/238/23 916/237/24 919/241/24 918/242/23
f 916/237/24 917/240/25 920/243/25 919/241/24
f 79/244/26 524/245/23 912/235/23 372/246/26
f 524/245/23 523/247/24 913/236/24 912/235/23
f 523/247/24 522/248/25 914/239/25 913/236/24
f 522/248/25 76/249/27 494/250/27 914/239/25
f 914/239/25 494/250/27 493/251/27 917/240/25
f 917/240/25 493/251/27 492/252/27 920/243/25
f 920/243/25 492/252/27 28/253/27 363/254/25
f 919/241/24 920/243/25 363/254/25 364/255/24
f 918/242/23 919/241/24 364/255/24 365/256/23
f 374/257/26 918/242/23 365/256/23 53/258/26
f 373/259/26 915/238/23 918/242/23 374/257/26
f 372/246/26 912/235/23 915/238/23 373/259/26
f 921/260/7 922/261/7 925/262/8 924/263/8
f 922/261/7 923/264/7 926/265/8 925/262/8
f 924/263/8 925/262/8 928/266/9 927/267/9
f 925/262/8 926/265/8 929/268/9 928/266/9
f 86/269/10 542/270/10 921/260/7 561/271/7
f 542/270/10 541/272/10 922/261/7 921/260/7
f 541/272/10 540/273/10 923/264/7 922/261/7
f 540/273/10 48/274/10 234/275/7 923/264/7
f 923/264/7 234/275/7 235/276/8 926/265/8
f 926/265/8 235/276/8 236/277/9 929/268/9
f 929/268/9 236/277/9 26/253/16 531/278/16
f 928/266/9 929/268/9 531/278/16 532/279/16
f 927/267/9 928/266/9 532/279/16 533/280/16
f 563/281/9 927/267/9 533/280/16 83/282/16
f 562/283/8 924/263/8 927/267/9 563/281/9
f 561/271/7 921/260/7 924/263/8 562/283/8
f 930/284/130 931/285/131 934/286/132 933/287/133
f 931/285/131 932/288/134 935/289/135 934/286/132
f 933/287/133 934/286/132 937/290/136 936/291/137
f 934/286/132 935/289/135 938/292/138 937/290/136
f 55/293/20 398/294/20 930/284/130 159/295/17
f 398/294/20 397/296/20 931/285/131 930/284/130
f 397/296/20 396/297/139 932/288/134 931/285/131
f 396/297/139 59/219/114 255/221/116 932/288/134
f 932/288/134 255/221/116 256/234/129 935/289/135
f 935/289/135 256/234/129 257/232/127 938/292/138
f 938/292/138 257/232/127 33/233/128 251/298/140
f 937/290/136 938/292/138 251/298/140 250/299/141
f 936/291/137 937/290/136 250/299/141 249/300/142
f 161/301/143 936/291/137 249/300/142 12/302/144
f 160/303/145 933/287/133 936/291/137 161/301/143
f 159/295/17 930/284/130 933/287/133 160/303/145
f 939/304/2 940/305/146 943/306/147 942/307/148
f 940/305/146 941/308/149 944/309/150 943/306/147
f 942/307/148 943/306/147 946/310/151 945/311/152
f 943/306/147 944/309/150 947/312/153 946/310/151
f 60/313/5 138/314/2 939/304/2 423/315/5
f 138/314/2 139/316/154 940/305/146 939/304/2
f 139/316/154 140/317/4 941/308/149 940/305/146
f 140/317/4 6/318/6 243/319/79 941/308/149
f 941/308/149 243/319/79 244/320/155 944/309/150
f 944/309/150 244/320/155 245/321/156 947/312/153
f 947/312/153 245/321/156 31/199/94 420/198/93
f 946/310/151 947/312/153 420/198/93 421/197/92
f 945/311/152 946/310/151 421/197/92 422/195/90
f 425/322/5 945/311/152 422/195/90 64/194/89
f 424/323/5 942/307/148 945/311/152 425/322/5
f 423/315/5 939/304/2 942/307/148 424/323/5
f 948/324/23 949/325/24 952/326/24 951/327/23
f 949/325/24 950/328/25 953/329/25 952/326/24
f 951/327/23 952/326/24 955/330/24 954/331/23
f 952/326/24 953/329/25 956/332/25 955/330/24
f 53/258/26 365/256/23 948/324/23 369/333/26
f 365/256/23 364/255/24 949/325/24 948/324/23
f 364/255/24 363/254/25 950/328/25 949/325/24
f 363/254/25 28/253/27 224/334/27 950/328/25
f 950/328/25 224/334/27 223/335/27 953/329/25
f 953/329/25 223/335/27 222/336/27 956/332/25
f 956/332/25 222/336/27 34/53/27 366/93/25
f 955/330/24 956/332/25 366/93/25 367/92/24
f 954/331/23 955/330/24 367/92/24 368/90/23
f 371/337/26 954/331/23 368/90/23 54/89/26
f 370/338/26 951/327/23 954/331/23 371/337/26
f 369/333/26 948/324/23 951/327/23 370/338/26
f 957/339/7 958/340/7 961/341/8 960/342/8
f 958/340/7 959/343/7 962/344/8 961/341/8
f 960/342/8 961/341/8 964/345/9 963/346/9
f 961/341/8 962/344/8 965/347/9 964/345/9
f 48/274/10 344/348/10 957/339/7 234/275/7
f 344/348/10 343/349/10 958/340/7 957/339/7
f 343/349/10 342/350/10 959/343/7 958/340/7
f 342/350/10 49/39/10 264/41/7 959/343/7
f 959/343/7 264/41/7 265/54/8 962/344/8
f 962/344/8 265/54/8 266/52/9 965/347/9
f 965/347/9 266/52/9 32/53/16 216/336/16
f 964/345/9 965/347/9 216/336/16 217/335/16
f 963/346/9 964/345/9 217/335/16 218/334/16
f 236/277/9 963/346/9 218/334/16 26/253/16
f 235/276/8 960/342/8 963/346/9 236/277/9
f 234/275/7 957/339/7 960/342/8 235/276/8
f 966/351/1 967/352/1 970/353/1 969/354/1
f 967/352/1 968/355/1 971/356/1 970/353/1
f 969/354/1 970/353/1 973/357/1 972/358/1
f 970/353/1 971/356/1 974/359/1 973/357/1
f 121/360/1 821/361/1 966/351/1 761/362/1
f 821/361/1 820/363/1 967/352/1 966/351/1
f 820/363/1 819/364/1 968/355/1 967/352/1
f 819/364/1 134/365/1 273/366/1 968/355/1
f 968/355/1 273/366/1 274/367/1 971/356/1
f 971/356/1 274/367/1 275/368/1 974/359/1
f 974/359/1 275/368/1 37/369/157 276/370/158
f 973/357/1 974/359/1 276/370/158 277/371/159
f 972/358/1 973/357/1 277/371/159 278/372/160
f 759/373/1 972/358/1 278/372/160 39/374/161
f 760/375/1 969/354/1 972/358/1 759/373/1
f 761/362/1 966/351/1 969/354/1 760/375/1
f 975/376/162 976/377/163 979/378/164 978/379/165
f 976/377/163 977/380/166 980/381/167 979/378/164
f 978/379/165 979/378/164 982/382/168 981/383/169
f 979/378/164 980/381/167 983/384/170 982/382/168
f 32/385/16 248/386/15 975/376/162 299/387/171
f 248/386/15 247/388/14 976/377/163 975/376/162
f 247/388/14 246/389/13 977/380/166 976/377/163
f 246/389/13 9/390/12 300/391/172 977/380/166
f 977/380/166 300/391/172 301/392/173 980/381/167
f 980/381/167 301/392/173 302/393/174 983/384/170
f 983/384/170 302/393/174 36/394/175 296/395/176
f 982/382/168 983/384/170 296/395/176 295/396/177
f 981/383/169 982/382/168 295/396/177 294/397/178
f 297/398/179 981/383/169 294/397/178 43/399/180
f 298/400/181 978/379/165 981/383/169 297/398/179
f 299/387/171 975/376/162 978/379/165 298/400/181
f 984/401/182 985/402/183 988/403/184 987/404/185
f 985/402/183 986/405/186 989/406/187 988/403/184
f 987/404/185 988/403/184 991/407/188 990/408/189
f 988/403/184 989/406/187 992/409/190 991/407/188
f 34/410/27 303/411/191 984/401/182 254/412/28
f 303/411/191 304/413/192 985/402/183 984/401/182
f 304/413/192 305/414/193 986/405/186 985/402/183
f 305/414/193 44/415/194 293/416/195 986/405/186
f 986/405/186 293/416/195 292/417/196 989/406/187
f 989/406/187 292/417/196 291/418/197 992/409/190
f 992/409/190 291/418/197 35/419/198 306/420/199
f 991/407/188 992/409/190 306/420/199 307/421/200
f 990/408/189 991/407/188 307/421/200 308/422/201
f 252/423/30 990/408/189 308/422/201 15/424/31
f 253/425/29 987/404/185 990/408/189 252/423/30
f 254/412/28 984/401/182 987/404/185 253/425/29
f 993/426/202 994/427/203 997/428/204 996/429/205
f 994/427/203 995/430/206 998/431/207 997/428/204
f 996/429/205 997/428/204 1000/432/208 999/433/209
f 997/428/204 998/431/207 1001/434/210 1000/432/208
f 10/435/62 149/436/61 993/426/202 311/437/211
f 149/436/61 148/438/60 994/427/203 993/426/202
f 148/438/60 147/439/59 995/430/206 994/427/203
f 147/439/59 19/440/58 312/441/212 995/430/206
f 995/430/206 312/441/212 313/442/213 998/431/207
f 998/431/207 313/442/213 314/443/214 1001/434/210
f 1001/434/210 314/443/214 39/374/161 278/372/160
f 1000/432/208 1001/434/210 278/372/160 277/371/159
f 999/433/209 1000/432/208 277/371/159 276/370/158
f 309/444/215 999/433/209 276/370/158 37/369/157
f 310/445/216 996/429/205 999/433/209 309/444/215
f 311/437/211 993/426/202 996/429/205 310/445/216
f 1002/446/217 1003/447/218 1006/448/219 1005/449/220
f 1003/447/218 1004/450/221 1007/451/222 1006/448/219
f 1005/449/220 1006/448/219 1009/452/223 1008/453/224
f 1006/448/219 1007/451/222 1010/454/225 1009/452/223
f 16/455/35 315/456/226 1002/446/217 170/457/36
f 315/456/226 316/458/227 1003/447/218 1002/446/217
f 316/458/227 317/459/228 1004/450/221 1003/447/218
f 317/459/228 38/460/229 272/461/230 1004/450/221
f 1004/450/221 272/461/230 271/462/231 1007/451/222
f 1007/451/222 271/462/231 270/463/232 1010/454/225
f 1010/454/225 270/463/232 40/464/233 318/465/234
f 1009/452/223 1010/454/225 318/465/234 319/466/235
f 1008/453/224 1009/452/223 319/466/235 320/467/236
f 168/468/38 1008/453/224 320/467/236 22/469/39
f 169/470/37 1005/449/220 1008/453/224 168/468/38
f 170/457/36 1002/446/217 1005/449/220 169/470/37
f 1011/471/237 1012/472/238 1015/473/238 1014/474/237
f 1012/472/238 1013/475/239 1016/476/239 1015/473/238
f 1014/474/237 1015/473/238 1018/477/238 1017/478/237
f 1015/473/238 1016/476/239 1019/479/239 1018/477/238
f 76/480/27 521/481/240 1011/471/237 494/482/27
f 521/481/240 520/483/241 1012/472/238 1011/471/237
f 520/483/241 519/484/239 1013/475/239 1012/472/238
f 519/484/239 78/485/242 500/486/194 1013/475/239
f 1013/475/239 500/486/194 499/487/194 1016/476/239
f 1016/476/239 499/487/194 498/488/194 1019/479/239
f 1019/479/239 498/488/194 42/489/194 321/490/239
f 1018/477/238 1019/479/239 321/490/239 322/491/238
f 1017/478/237 1018/477/238 322/491/238 323/492/237
f 492/493/27 1017/478/237 323/492/237 28/494/27
f 493/495/27 1014/474/237 1017/478/237 492/493/27
f 494/482/27 1011/471/237 1014/474/237 493/495/27
f 1020/496/243 1021/497/243 1024/498/244 1023/499/244
f 1021/497/243 1022/500/243 1025/501/244 1024/498/244
f 1023/499/244 1024/498/244 1027/502/245 1026/503/245
f 1024/498/244 1025/501/244 1028/504/245 1027/502/245
f 83/505/16 533/506/16 1020/496/243 558/507/243
f 533/506/16 532/508/16 1021/497/243 1020/496/243
f 532/508/16 531/509/16 1022/500/243 1021/497/243
f 531/509/16 26/510/16 324/511/243 1022/500/243
f 1022/500/243 324/511/243 325/512/244 1025/501/244
f 1025/501/244 325/512/244 326/513/245 1028/504/245
f 1028/504/245 326/513/245 41/514/180 284/515/180
f 1027/502/245 1028/504/245 284/515/180 283/516/180
f 1026/503/245 1027/502/245 283/516/180 282/517/180
f 560/518/245 1026/503/245 282/517/180 85/519/180
f 559/520/246 1023/499/244 1026/503/245 560/518/245
f 558/507/243 1020/496/243 1023/499/244 559/520/246
f 1029/521/237 1030/522/238 1033/523/238 1032/524/237
f 1030/522/238 1031/525/239 1034/526/239 1033/523/238
f 1032/524/237 1033/523/238 1036/527/238 1035/528/237
f 1033/523/238 1034/526/239 1037/529/239 1036/527/238
f 28/494/27 323/492/237 1029/521/237 224/530/27
f 323/492/237 322/491/238 1030/522/238 1029/521/237
f 322/491/238 321/490/239 1031/525/239 1030/522/238
f 321/490/239 42/489/194 287/531/194 1031/525/239
f 1031/525/239 287/531/194 286/532/194 1034/526/239
f 1034/526/239 286/532/194 285/533/194 1037/529/239
f 1037/529/239 285/533/194 44/415/194 305/414/193
f 1036/527/238 1037/529/239 305/414/193 304/413/192
f 1035/528/237 1036/527/238 304/413/192 303/411/191
f 222/534/27 1035/528/237 303/411/191 34/410/27
f 223/535/27 1032/524/237 1035/528/237 222/534/27
f 224/530/27 1029/521/237 1032/524/237 223/535/27
f 1038/536/243 1039/537/243 1042/538/244 1041/539/244
f 1039/537/243 1040/540/243 1043/541/244 1042/538/244
f 1041/539/244 1042/538/244 1045/542/245 1044/543/245
f 1042/538/244 1043/541/244 1046/544/245 1045/542/245
f 26/510/16 218/545/16 1038/536/243 324/511/243
f 218/545/16 217/546/16 1039/537/243 1038/536/243
f 217/546/16 216/547/16 1040/540/243 1039/537/243
f 216/547/16 32/385/16 299/387/171 1040/540/243
f 1040/540/243 299/387/171 298/400/181 1043/541/244
f 1043/541/244 298/400/181 297/398/179 1046/544/245
f 1046/544/245 297/398/179 43/399/180 290/548/180
f 1045/542/245 1046/544/245 290/548/180 289/549/180
f 1044/543/245 1045/542/245 289/549/180 288/550/180
f 326/513/245 1044/543/245 288/550/180 41/514/180
f 325/512/244 1041/539/244 1044/543/245 326/513/245
f 324/511/243 1038/536/243 1041/539/244 325/512/244
f 1047/551/247 1048/552/247 1051/553/248 1050/554/248
f 1048/552/247 1049/555/247 1052/556/248 1051/553/248
f 1050/554/248 1051/553/248 1054/557/249 1053/558/249
f 1051/553/248 1052/556/248 1055/559/250 1054/557/249
f 25/560/98 215/561/97 1047/551/247 336/562/247
f 215/561/97 214/563/96 1048/552/247 1047/551/247
f 214/563/96 213/564/95 1049/555/247 1048/552/247
f 213/564/95 31/565/94 339/566/247 1049/555/247
f 1049/555/247 339/566/247 340/567/248 1052/556/248
f 1052/556/248 340/567/248 341/568/250 1055/559/250
f 1055/559/250 341/568/250 49/39/10 342/350/10
f 1054/557/249 1055/559/250 342/350/10 343/349/10
f 1053/558/249 1054/557/249 343/349/10 344/348/10
f 338/569/250 1053/558/249 344/348/10 48/274/10
f 337/570/248 1050/554/248 1053/558/249 338/569/250
f 336/562/247 1047/551/247 1050/554/248 337/570/248
f 1056/571/247 1057/572/247 1060/573/248 1059/574/248
f 1057/572/247 1058/575/247 1061/576/248 1060/573/248
f 1059/574/248 1060/573/248 1063/577/249 1062/578/249
f 1060/573/248 1061/576/248 1064/579/250 1063/577/249
f 82/580/76 530/581/251 1056/571/247 555/582/247
f 530/581/251 529/583/96 1057/572/247 1056/571/247
f 529/583/96 528/584/97 1058/575/247 1057/572/247
f 528/584/97 25/560/98 336/562/247 1058/575/247
f 1058/575/247 336/562/247 337/570/248 1061/576/248
f 1061/576/248 337/570/248 338/569/250 1064/579/250
f 1064/579/250 338/569/250 48/274/10 540/273/10
f 1063/577/249 1064/579/250 540/273/10 541/272/10
f 1062/578/249 1063/577/249 541/272/10 542/270/10
f 557/585/250 1062/578/249 542/270/10 86/269/10
f 556/586/248 1059/574/248 1062/578/249 557/585/250
f 555/582/247 1056/571/247 1059/574/248 556/586/248
f 1065/587/247 1066/588/247 1069/589/248 1068/590/248
f 1066/588/247 1067/591/247 1070/592/248 1069/589/248
f 1068/590/248 1069/589/248 1072/593/250 1071/594/250
f 1069/589/248 1070/592/248 1073/595/250 1072/593/250
f 8/596/6 143/597/6 1065/587/247 155/598/247
f 143/597/6 142/599/6 1066/588/247 1065/587/247
f 142/599/6 141/600/6 1067/591/247 1066/588/247
f 141/600/6 18/601/6 333/602/247 1067/591/247
f 1067/591/247 333/602/247 334/603/248 1070/592/248
f 1070/592/248 334/603/248 335/604/250 1073/595/250
f 1073/595/250 335/604/250 47/159/10 348/158/10
f 1072/593/250 1073/595/250 348/158/10 349/157/10
f 1071/594/250 1072/593/250 349/157/10 350/155/10
f 153/605/250 1071/594/250 350/155/10 46/154/10
f 154/606/248 1068/590/248 1071/594/250 153/605/250
f 155/598/247 1065/587/247 1068/590/248 154/606/248
f 1074/607/247 1075/608/247 1078/609/248 1077/610/248
f 1075/608/247 1076/611/247 1079/612/248 1078/609/248
f 1077/610/248 1078/609/248 1081/613/250 1080/614/250
f 1078/609/248 1079/612/248 1082/615/250 1081/613/250
f 31/565/94 245/616/156 1074/607/247 339/566/247
f 245/616/156 244/617/155 1075/608/247 1074/607/247
f 244/617/155 243/618/79 1076/611/247 1075/608/247
f 243/618/79 6/619/6 327/620/247 1076/611/247
f 1076/611/247 327/620/247 328/621/248 1079/612/248
f 1079/612/248 328/621/248 329/622/250 1082/615/250
f 1082/615/250 329/622/250 45/44/10 351/43/10
f 1081/613/250 1082/615/250 351/43/10 352/42/10
f 1080/614/250 1081/613/250 352/42/10 353/40/10
f 341/568/250 1080/614/250 353/40/10 49/39/10
f 340/567/248 1077/610/248 1080/614/250 341/568/250
f 339/566/247 1074/607/247 1077/610/248 340/567/248
f 1083/623/252 1084/624/253 1087/625/253 1086/626/252
f 1084/624/253 1085/627/254 1088/628/254 1087/625/253
f 1086/626/252 1087/625/253 1090/629/253 1089/630/252
f 1087/625/253 1088/628/254 1091/631/254 1090/629/253
f 27/560/123 233/632/252 1083/623/252 221/561/124
f 233/632/252 232/633/253 1084/624/253 1083/623/252
f 232/633/253 231/634/254 1085/627/254 1084/624/253
f 231/634/254 53/258/26 369/333/26 1085/627/254
f 1085/627/254 369/333/26 370/338/26 1088/628/254
f 1088/628/254 370/338/26 371/337/26 1091/631/254
f 1091/631/254 371/337/26 54/89/26 261/635/254
f 1090/629/253 1091/631/254 261/635/254 262/636/253
f 1089/630/252 1090/629/253 262/636/253 263/637/252
f 219/564/126 1089/630/252 263/637/252 33/565/128
f 220/563/125 1086/626/252 1089/630/252 219/564/126
f 221/561/124 1083/623/252 1086/626/252 220/563/125
f 1092/638/252 1093/639/253 1096/640/253 1095/641/252
f 1093/639/253 1094/642/254 1097/643/254 1096/640/253
f 1095/641/252 1096/640/253 1099/644/253 1098/645/252
f 1096/640/253 1097/643/254 1100/646/254 1099/644/253
f 75/647/56 518/648/252 1092/638/252 491/649/255
f 518/648/252 517/650/253 1093/639/253 1092/638/252
f 517/650/253 516/651/254 1094/642/254 1093/639/253
f 516/651/254 79/244/26 372/246/26 1094/642/254
f 1094/642/254 372/246/26 373/259/26 1097/643/254
f 1097/643/254 373/259/26 374/257/26 1100/646/254
f 1100/646/254 374/257/26 53/258/26 231/634/254
f 1099/644/253 1100/646/254 231/634/254 232/633/253
f 1098/645/252 1099/644/253 232/633/253 233/632/252
f 489/652/256 1098/645/252 233/632/252 27/560/123
f 490/653/257 1095/641/252 1098/645/252 489/652/256
f 491/649/255 1092/638/252 1095/641/252 490/653/257
f 1101/654/252 1102/655/253 1105/656/253 1104/657/252
f 1102/655/253 1103/658/254 1106/659/254 1105/656/253
f 1104/657/252 1105/656/253 1108/660/253 1107/661/252
f 1105/656/253 1106/659/254 1109/662/254 1108/660/253
f 14/596/21 176/663/252 1101/654/252 164/597/21
f 176/663/252 175/664/253 1102/655/253 1101/654/252
f 175/664/253 174/665/254 1103/658/254 1102/655/253
f 174/665/254 51/109/26 375/111/26 1103/658/254
f 1103/658/254 375/111/26 376/124/26 1106/659/254
f 1106/659/254 376/124/26 377/122/26 1109/662/254
f 1109/662/254 377/122/26 52/123/26 195/666/254
f 1108/660/253 1109/662/254 195/666/254 196/667/253
f 1107/661/252 1108/660/253 196/667/253 197/668/252
f 162/600/21 1107/661/252 197/668/252 21/601/21
f 163/599/21 1104/657/252 1107/661/252 162/600/21
f 164/597/21 1101/654/252 1104/657/252 163/599/21
f 1110/669/252 1111/670/253 1114/671/253 1113/672/252
f 1111/670/253 1112/673/254 1115/674/254 1114/671/253
f 1113/672/252 1114/671/253 1117/675/253 1116/676/252
f 1114/671/253 1115/674/254 1118/677/254 1117/675/253
f 33/565/128 263/637/252 1110/669/252 251/616/140
f 263/637/252 262/636/253 1111/670/253 1110/669/252
f 262/636/253 261/635/254 1112/673/254 1111/670/253
f 261/635/254 54/89/26 378/91/26 1112/673/254
f 1112/673/254 378/91/26 379/99/26 1115/674/254
f 1115/674/254 379/99/26 380/97/26 1118/677/254
f 1118/677/254 380/97/26 50/98/26 356/678/254
f 1117/675/253 1118/677/254 356/678/254 355/679/253
f 1116/676/252 1117/675/253 355/679/253 354/680/252
f 249/618/142 1116/676/252 354/680/252 12/619/144
f 250/617/141 1113/672/252 1116/676/252 249/618/142
f 251/616/140 1110/669/252 1113/672/252 250/617/141
f 1119/681/1 1120/682/1 1123/683/1 1122/684/1
f 1120/682/1 1121/685/1 1124/686/1 1123/683/1
f 1122/684/1 1123/683/1 1126/687/1 1125/688/1
f 1123/683/1 1124/686/1 1127/689/1 1126/687/1
f 66/690/1 461/691/1 1119/681/1 381/692/1
f 461/691/1 460/693/1 1120/682/1 1119/681/1
f 460/693/1 459/694/1 1121/685/1 1120/682/1
f 459/694/1 69/695/258 393/696/259 1121/685/1
f 1121/685/1 393/696/259 394/697/260 1124/686/1
f 1124/686/1 394/697/260 395/698/261 1127/689/1
f 1127/689/1 395/698/261 59/219/114 396/297/139
f 1126/687/1 1127/689/1 396/297/139 397/296/20
f 1125/688/1 1126/687/1 397/296/20 398/294/20
f 383/699/1 1125/688/1 398/294/20 55/293/20
f 382/700/1 1122/684/1 1125/688/1 383/699/1
f 381/692/1 1119/681/1 1122/684/1 382/700/1
f 1128/701/262 1129/702/263 1132/703/264 1131/704/265
f 1129/702/263 1130/705/266 1133/706/267 1132/703/264
f 1131/704/265 1132/703/264 1135/707/268 1134/708/269
f 1132/703/264 1133/706/267 1136/709/270 1135/707/268
f 97/710/271 617/711/272 1128/701/262 731/712/273
f 617/711/272 616/713/274 1129/702/263 1128/701/262
f 616/713/274 615/714/275 1130/705/266 1129/702/263
f 615/714/275 98/715/276 726/716/277 1130/705/266
f 1130/705/266 726/716/277 727/717/278 1133/706/267
f 1133/706/267 727/717/278 728/718/279 1136/709/270
f 1136/709/270 728/718/279 113/719/280 687/720/281
f 1135/707/268 1136/709/270 687/720/281 688/721/282
f 1134/708/269 1135/707/268 688/721/282 689/722/283
f 729/723/284 1134/708/269 689/722/283 114/724/285
f 730/725/286 1131/704/265 1134/708/269 729/723/284
f 731/712/273 1128/701/262 1131/704/265 730/725/286
f 1137/726/1 1138/727/1 1141/728/1 1140/729/1
f 1138/727/1 1139/730/1 1142/731/1 1141/728/1
f 1140/729/1 1141/728/1 1144/732/1 1143/733/1
f 1141/728/1 1142/731/1 1145/734/1 1144/732/1
f 81/735/287 509/736/1 1137/726/1 513/737/288
f 509/736/1 508/738/1 1138/727/1 1137/726/1
f 508/738/1 507/739/1 1139/730/1 1138/727/1
f 507/739/1 67/740/1 387/741/1 1139/730/1
f 1139/730/1 387/741/1 388/742/1 1142/731/1
f 1142/731/1 388/742/1 389/743/1 1145/734/1
f 1145/734/1 389/743/1 57/64/20 504/138/20
f 1144/732/1 1145/734/1 504/138/20 505/137/50
f 1143/733/1 1144/732/1 505/137/50 506/135/50
f 515/744/289 1143/733/1 506/135/50 80/134/49
f 514/745/290 1140/729/1 1143/733/1 515/744/289
f 513/737/288 1137/726/1 1140/729/1 514/745/290
f 1146/746/1 1147/747/1 1150/748/1 1149/749/1
f 1147/747/1 1148/750/1 1151/751/1 1150/748/1
f 1149/749/1 1150/748/1 1153/752/1 1152/753/1
f 1150/748/1 1151/751/1 1154/754/1 1153/752/1
f 67/740/1 452/755/1 1146/746/1 387/741/1
f 452/755/1 451/756/1 1147/747/1 1146/746/1
f 451/756/1 450/757/1 1148/750/1 1147/747/1
f 450/757/1 65/758/1 437/759/1 1148/750/1
f 1148/750/1 437/759/1 436/760/1 1151/751/1
f 1151/751/1 436/760/1 435/761/1 1154/754/1
f 1154/754/1 435/761/1 56/69/20 405/68/20
f 1153/752/1 1154/754/1 405/68/20 406/67/20
f 1152/753/1 1153/752/1 406/67/20 407/65/20
f 389/743/1 1152/753/1 407/65/20 57/64/20
f 388/742/1 1149/749/1 1152/753/1 389/743/1
f 387/741/1 1146/746/1 1149/749/1 388/742/1
f 1155/762/1 1156/763/1 1159/764/1 1158/765/1
f 1156/763/1 1157/766/1 1160/767/1 1159/764/1
f 1158/765/1 1159/764/1 1162/768/1 1161/769/1
f 1159/764/1 1160/767/1 1163/770/1 1162/768/1
f 74/771/1 408/772/1 1155/762/1 486/773/1
f 408/772/1 409/774/1 1156/763/1 1155/762/1
f 409/774/1 410/775/1 1157/766/1 1156/763/1
f 410/775/1 60/313/5 423/315/5 1157/766/1
f 1157/766/1 423/315/5 424/323/5 1160/767/1
f 1160/767/1 424/323/5 425/322/5 1163/770/1
f 1163/770/1 425/322/5 64/194/89 471/776/259
f 1162/768/1 1163/770/1 471/776/259 472/777/260
f 1161/769/1 1162/768/1 472/777/260 473/778/261
f 488/779/1 1161/769/1 473/778/261 73/780/291
f 487/781/1 1158/765/1 1161/769/1 488/779/1
f 486/773/1 1155/762/1 1158/765/1 487/781/1
f 1164/782/292 1165/783/293 1168/784/294 1167/785/295
f 1165/783/293 1166/786/296 1169/787/297 1168/784/294
f 1167/785/295 1168/784/294 1171/788/298 1170/789/299
f 1168/784/294 1169/787/297 1172/790/300 1171/788/298
f 92/791/301 572/792/302 1164/782/292 725/793/303
f 572/792/302 571/794/304 1165/783/293 1164/782/292
f 571/794/304 570/795/305 1166/786/296 1165/783/293
f 570/795/305 89/796/306 716/797/307 1166/786/296
f 1166/786/296 716/797/307 715/798/308 1169/787/297
f 1169/787/297 715/798/308 714/799/309 1172/790/300
f 1172/790/300 714/799/309 106/800/310 666/801/311
f 1171/788/298 1172/790/300 666/801/311 667/802/312
f 1170/789/299 1171/788/298 667/802/312 668/803/313
f 723/804/314 1170/789/299 668/803/313 107/805/315
f 724/806/316 1167/785/295 1170/789/299 723/804/314
f 725/793/303 1164/782/292 1167/785/295 724/806/316
f 1173/807/1 1174/808/1 1177/809/1 1176/810/1
f 1174/808/1 1175/811/1 1178/812/1 1177/809/1
f 1176/810/1 1177/809/1 1180/813/1 1179/814/1
f 1177/809/1 1178/812/1 1181/815/1 1180/813/1
f 88/816/317 554/817/318 1173/807/1 480/818/1
f 554/817/318 553/819/290 1174/808/1 1173/807/1
f 553/819/290 552/820/319 1175/811/1 1174/808/1
f 552/820/319 87/174/72 429/176/5 1175/811/1
f 1175/811/1 429/176/5 430/184/5 1178/812/1
f 1178/812/1 430/184/5 431/183/5 1181/815/1
f 1181/815/1 431/183/5 62/14/5 465/821/1
f 1180/813/1 1181/815/1 465/821/1 466/822/1
f 1179/814/1 1180/813/1 466/822/1 467/823/1
f 482/824/1 1179/814/1 467/823/1 71/825/1
f 481/826/1 1176/810/1 1179/814/1 482/824/1
f 480/818/1 1173/807/1 1176/810/1 481/826/1
f 1182/827/1 1183/828/1 1186/829/1 1185/830/1
f 1183/828/1 1184/831/1 1187/832/1 1186/829/1
f 1185/830/1 1186/829/1 1189/833/1 1188/834/1
f 1186/829/1 1187/832/1 1190/835/1 1189/833/1
f 71/825/1 467/823/1 1182/827/1 477/836/1
f 467/823/1 466/822/1 1183/828/1 1182/827/1
f 466/822/1 465/821/1 1184/831/1 1183/828/1
f 465/821/1 62/14/5 432/16/5 1184/831/1
f 1184/831/1 432/16/5 433/29/5 1187/832/1
f 1187/832/1 433/29/5 434/27/5 1190/835/1
f 1190/835/1 434/27/5 61/28/5 462/837/1
f 1189/833/1 1190/835/1 462/837/1 463/838/1
f 1188/834/1 1189/833/1 463/838/1 464/839/1
f 479/840/1 1188/834/1 464/839/1 70/841/1
f 478/842/1 1185/830/1 1188/834/1 479/840/1
f 477/836/1 1182/827/1 1185/830/1 478/842/1
f 1191/843/1 1192/844/1 1195/845/1 1194/846/1
f 1192/844/1 1193/847/1 1196/848/1 1195/845/1
f 1194/846/1 1195/845/1 1198/849/1 1197/850/1
f 1195/845/1 1196/848/1 1199/851/1 1198/849/1
f 20/852/1 188/853/1 1191/843/1 441/854/1
f 188/853/1 187/855/1 1192/844/1 1191/843/1
f 187/855/1 186/856/1 1193/847/1 1192/844/1
f 186/856/1 13/857/1 167/858/1 1193/847/1
f 1193/847/1 167/858/1 166/859/1 1196/848/1
f 1196/848/1 166/859/1 165/860/1 1199/851/1
f 1199/851/1 165/860/1 65/758/1 450/757/1
f 1198/849/1 1199/851/1 450/757/1 451/756/1
f 1197/850/1 1198/849/1 451/756/1 452/755/1
f 443/861/1 1197/850/1 452/755/1 67/740/1
f 442/862/1 1194/846/1 1197/850/1 443/861/1
f 441/854/1 1191/843/1 1194/846/1 442/862/1
f 1200/863/1 1201/864/1 1204/865/1 1203/866/1
f 1201/864/1 1202/867/1 1205/868/1 1204/865/1
f 1203/866/1 1204/865/1 1207/869/1 1206/870/1
f 1204/865/1 1205/868/1 1208/871/1 1207/869/1
f 77/872/1 497/873/1 1200/863/1 510/874/1
f 497/873/1 496/875/1 1201/864/1 1200/863/1
f 496/875/1 495/876/1 1202/867/1 1201/864/1
f 495/876/1 20/852/1 441/854/1 1202/867/1
f 1202/867/1 441/854/1 442/862/1 1205/868/1
f 1205/868/1 442/862/1 443/861/1 1208/871/1
f 1208/871/1 443/861/1 67/740/1 507/739/1
f 1207/869/1 1208/871/1 507/739/1 508/738/1
f 1206/870/1 1207/869/1 508/738/1 509/736/1
f 512/877/1 1206/870/1 509/736/1 81/735/287
f 511/878/1 1203/866/1 1206/870/1 512/877/1
f 510/874/1 1200/863/1 1203/866/1 511/878/1
f 1209/879/1 1210/880/1 1213/881/1 1212/882/1
f 1210/880/1 1211/883/1 1214/884/1 1213/881/1
f 1212/882/1 1213/881/1 1216/885/1 1215/886/1
f 1213/881/1 1214/884/1 1217/887/1 1216/885/1
f 30/888/1 242/889/1 1209/879/1 447/890/1
f 242/889/1 241/891/1 1210/880/1 1209/879/1
f 241/891/1 240/892/1 1211/883/1 1210/880/1
f 240/892/1 24/893/1 444/894/1 1211/883/1
f 1211/883/1 444/894/1 445/895/1 1214/884/1
f 1214/884/1 445/895/1 446/896/1 1217/887/1
f 1217/887/1 446/896/1 68/897/5 456/898/320
f 1216/885/1 1217/887/1 456/898/320 457/899/321
f 1215/886/1 1216/885/1 457/899/321 458/900/322
f 449/901/1 1215/886/1 458/900/322 69/695/258
f 448/902/1 1212/882/1 1215/886/1 449/901/1
f 447/890/1 1209/879/1 1212/882/1 448/902/1
f 1218/903/1 1219/904/1 1222/905/1 1221/906/1
f 1219/904/1 1220/907/1 1223/908/1 1222/905/1
f 1221/906/1 1222/905/1 1225/909/1 1224/910/1
f 1222/905/1 1223/908/1 1226/911/1 1225/909/1
f 11/912/1 158/913/1 1218/903/1 438/914/1
f 158/913/1 157/915/1 1219/904/1 1218/903/1
f 157/915/1 156/916/1 1220/907/1 1219/904/1
f 156/916/1 30/888/1 447/890/1 1220/907/1
f 1220/907/1 447/890/1 448/902/1 1223/908/1
f 1223/908/1 448/902/1 449/901/1 1226/911/1
f 1226/911/1 449/901/1 69/695/258 459/694/1
f 1225/909/1 1226/911/1 459/694/1 460/693/1
f 1224/910/1 1225/909/1 460/693/1 461/691/1
f 440/917/1 1224/910/1 461/691/1 66/690/1
f 439/918/1 1221/906/1 1224/910/1 440/917/1
f 438/914/1 1218/903/1 1221/906/1 439/918/1
f 1227/919/1 1228/920/1 1231/921/1 1230/922/1
f 1228/920/1 1229/923/1 1232/924/1 1231/921/1
f 1230/922/1 1231/921/1 1234/925/1 1233/926/1
f 1231/921/1 1232/924/1 1235/927/1 1234/925/1
f 17/928/1 206/929/1 1227/919/1 179/930/1
f 206/929/1 205/931/1 1228/920/1 1227/919/1
f 205/931/1 204/932/1 1229/923/1 1228/920/1
f 204/932/1 71/825/1 477/836/1 1229/923/1
f 1229/923/1 477/836/1 478/842/1 1232/924/1
f 1232/924/1 478/842/1 479/840/1 1235/927/1
f 1235/927/1 479/840/1 70/841/1 144/933/1
f 1234/925/1 1235/927/1 144/933/1 145/934/1
f 1233/926/1 1234/925/1 145/934/1 146/935/1
f 177/936/1 1233/926/1 146/935/1 7/937/1
f 178/938/1 1230/922/1 1233/926/1 177/936/1
f 179/930/1 1227/919/1 1230/922/1 178/938/1
f 1236/939/1 1237/940/1 1240/941/1 1239/942/1
f 1237/940/1 1238/943/1 1241/944/1 1240/941/1
f 1239/942/1 1240/941/1 1243/945/1 1242/946/1
f 1240/941/1 1241/944/1 1244/947/1 1243/945/1
f 84/948/1 551/949/1 1236/939/1 536/950/1
f 551/949/1 550/951/1 1237/940/1 1236/939/1
f 550/951/1 549/952/1 1238/943/1 1237/940/1
f 549/952/1 88/816/317 480/818/1 1238/943/1
f 1238/943/1 480/818/1 481/826/1 1241/944/1
f 1241/944/1 481/826/1 482/824/1 1244/947/1
f 1244/947/1 482/824/1 71/825/1 204/932/1
f 1243/945/1 1244/947/1 204/932/1 205/931/1
f 1242/946/1 1243/945/1 205/931/1 206/929/1
f 534/953/1 1242/946/1 206/929/1 17/928/1
f 535/954/1 1239/942/1 1242/946/1 534/953/1
f 536/950/1 1236/939/1 1239/942/1 535/954/1
f 1245/955/1 1246/956/1 1249/957/1 1248/958/1
f 1246/956/1 1247/959/1 1250/960/1 1249/957/1
f 1248/958/1 1249/957/1 1252/961/1 1251/962/1
f 1249/957/1 1250/960/1 1253/963/1 1252/961/1
f 29/964/1 260/965/1 1245/955/1 239/966/1
f 260/965/1 259/967/1 1246/956/1 1245/955/1
f 259/967/1 258/968/1 1247/959/1 1246/956/1
f 258/968/1 73/780/291 483/969/323 1247/959/1
f 1247/959/1 483/969/323 484/970/324 1250/960/1
f 1250/960/1 484/970/324 485/971/325 1253/963/1
f 1253/963/1 485/971/325 72/972/326 225/973/1
f 1252/961/1 1253/963/1 225/973/1 226/974/1
f 1251/962/1 1252/961/1 226/974/1 227/975/1
f 237/976/1 1251/962/1 227/975/1 23/977/1
f 238/978/1 1248/958/1 1251/962/1 237/976/1
f 239/966/1 1245/955/1 1248/958/1 238/978/1
f 1254/979/1 1255/980/1 1258/981/1 1257/982/1
f 1255/980/1 1256/983/1 1259/984/1 1258/981/1
f 1257/982/1 1258/981/1 1261/985/1 1260/986/1
f 1258/981/1 1259/984/1 1262/987/1 1261/985/1
f 5/988/1 474/989/1 1254/979/1 137/990/1
f 474/989/1 475/991/1 1255/980/1 1254/979/1
f 475/991/1 476/992/1 1256/983/1 1255/980/1
f 476/992/1 74/771/1 486/773/1 1256/983/1
f 1256/983/1 486/773/1 487/781/1 1259/984/1
f 1259/984/1 487/781/1 488/779/1 1262/987/1
f 1262/987/1 488/779/1 73/780/291 258/968/1
f 1261/985/1 1262/987/1 258/968/1 259/967/1
f 1260/986/1 1261/985/1 259/967/1 260/965/1
f 135/993/1 1260/986/1 260/965/1 29/964/1
f 136/994/1 1257/982/1 1260/986/1 135/993/1
f 137/990/1 1254/979/1 1257/982/1 136/994/1
f 1263/995/1 1264/996/1 1267/997/1 1266/998/1
f 1264/996/1 1265/999/1 1268/1000/1 1267/997/1
f 1266/998/1 1267/997/1 1270/1001/1 1269/1002/1
f 1267/997/1 1268/1000/1 1271/1003/1 1270/1001/1
f 24/893/1 212/1004/1 1263/995/1 444/894/1
f 212/1004/1 211/1005/1 1264/996/1 1263/995/1
f 211/1005/1 210/1006/1 1265/999/1 1264/996/1
f 210/1006/1 77/872/1 510/874/1 1265/999/1
f 1265/999/1 510/874/1 511/878/1 1268/1000/1
f 1268/1000/1 511/878/1 512/877/1 1271/1003/1
f 1271/1003/1 512/877/1 81/735/287 453/1007/327
f 1270/1001/1 1271/1003/1 453/1007/327 454/1008/321
f 1269/1002/1 1270/1001/1 454/1008/321 455/1009/328
f 446/896/1 1269/1002/1 455/1009/328 68/897/5
f 445/895/1 1266/998/1 1269/1002/1 446/896/1
f 444/894/1 1263/995/1 1266/998/1 445/895/1
f 1272/1010/329 1273/1011/330 1276/1012/331 1275/1013/332
f 1273/1011/330 1274/1014/333 1277/1015/334 1276/1012/331
f 1275/1013/332 1276/1012/331 1279/1016/335 1278/1017/336
f 1276/1012/331 1277/1015/334 1280/1018/337 1279/1016/335
f 93/1019/338 593/1020/339 1272/1010/329 722/1021/340
f 593/1020/339 592/1022/341 1273/1011/330 1272/1010/329
f 592/1022/341 591/1023/342 1274/1014/333 1273/1011/330
f 591/1023/342 94/1024/343 717/1025/344 1274/1014/333
f 1274/1014/333 717/1025/344 718/1026/345 1277/1015/334
f 1277/1015/334 718/1026/345 719/1027/346 1280/1018/337
f 1280/1018/337 719/1027/346 109/1028/347 675/1029/348
f 1279/1016/335 1280/1018/337 675/1029/348 676/1030/349
f 1278/1017/336 1279/1016/335 676/1030/349 677/1031/350
f 720/1032/351 1278/1017/336 677/1031/350 110/1033/352
f 721/1034/353 1275/1013/332 1278/1017/336 720/1032/351
f 722/1021/340 1272/1010/329 1275/1013/332 721/1034/353
f 1281/1035/252 1282/1036/253 1285/1037/253 1284/1038/252
f 1282/1036/253 1283/1039/254 1286/1040/254 1285/1037/253
f 1284/1038/252 1285/1037/253 1288/1041/253 1287/1042/252
f 1285/1037/253 1286/1040/254 1289/1043/254 1288/1041/253
f 21/601/21 197/668/252 1281/1035/252 191/1044/52
f 197/668/252 196/667/253 1282/1036/253 1281/1035/252
f 196/667/253 195/666/254 1283/1039/254 1282/1036/253
f 195/666/254 52/123/26 501/1045/26 1283/1039/254
f 1283/1039/254 501/1045/26 502/1046/26 1286/1040/254
f 1286/1040/254 502/1046/26 503/1047/26 1289/1043/254
f 1289/1043/254 503/1047/26 79/244/26 516/651/254
f 1288/1041/253 1289/1043/254 516/651/254 517/650/253
f 1287/1042/252 1288/1041/253 517/650/253 518/648/252
f 189/1048/54 1287/1042/252 518/648/252 75/647/56
f 190/1049/53 1284/1038/252 1287/1042/252 189/1048/54
f 191/1044/52 1281/1035/252 1284/1038/252 190/1049/53
f 1290/1050/354 1291/1051/355 1294/1052/356 1293/1053/357
f 1291/1051/355 1292/1054/358 1295/1055/359 1294/1052/356
f 1293/1053/357 1294/1052/356 1297/1056/360 1296/1057/361
f 1294/1052/356 1295/1055/359 1298/1058/362 1297/1056/360
f 22/469/39 320/467/236 1290/1050/354 194/1059/363
f 320/467/236 319/466/235 1291/1051/355 1290/1050/354
f 319/466/235 318/465/234 1292/1054/358 1291/1051/355
f 318/465/234 40/464/233 281/1060/364 1292/1054/358
f 1292/1054/358 281/1060/364 280/1061/365 1295/1055/359
f 1295/1055/359 280/1061/365 279/1062/366 1298/1058/362
f 1298/1058/362 279/1062/366 78/485/242 519/484/239
f 1297/1056/360 1298/1058/362 519/484/239 520/483/241
f 1296/1057/361 1297/1056/360 520/483/241 521/481/240
f 192/1063/367 1296/1057/361 521/481/240 76/480/27
f 193/1064/368 1293/1053/357 1296/1057/361 192/1063/367
f 194/1059/363 1290/1050/354 1293/1053/357 193/1064/368
f 1299/1065/23 1300/1066/24 1303/1067/24 1302/1068/23
f 1300/1066/24 1301/1069/25 1304/1070/25 1303/1067/24
f 1302/1068/23 1303/1067/24 1306/1071/24 1305/1072/23
f 1303/1067/24 1304/1070/25 1307/1073/25 1306/1071/24
f 52/123/26 362/121/23 1299/1065/23 501/1045/26
f 362/121/23 361/120/24 1300/1066/24 1299/1065/23
f 361/120/24 360/119/25 1301/1069/25 1300/1066/24
f 360/119/25 22/118/39 194/1074/363 1301/1069/25
f 1301/1069/25 194/1074/363 193/1075/368 1304/1070/25
f 1304/1070/25 193/1075/368 192/1076/367 1307/1073/25
f 1307/1073/25 192/1076/367 76/249/27 522/248/25
f 1306/1071/24 1307/1073/25 522/248/25 523/247/24
f 1305/1072/23 1306/1071/24 523/247/24 524/245/23
f 503/1047/26 1305/1072/23 524/245/23 79/244/26
f 502/1046/26 1302/1068/23 1305/1072/23 503/1047/26
f 501/1045/26 1299/1065/23 1302/1068/23 502/1046/26
f 1308/1077/369 1309/1078/370 1312/1079/371 1311/1080/372
f 1309/1078/370 1310/1081/373 1313/1082/374 1312/1079/371
f 1311/1080/372 1312/1079/371 1315/1083/375 1314/1084/376
f 1312/1079/371 1313/1082/374 1316/1085/377 1315/1083/375
f 58/224/119 404/1086/378 1308/1077/369 228/225/120
f 404/1086/378 403/1087/379 1309/1078/370 1308/1077/369
f 403/1087/379 402/1088/380 1310/1081/373 1309/1078/370
f 402/1088/380 80/134/49 525/136/51 1310/1081/373
f 1310/1081/373 525/136/51 526/144/57 1313/1082/374
f 1313/1082/374 526/144/57 527/142/55 1316/1085/377
f 1316/1085/377 527/142/55 75/143/56 491/1089/255
f 1315/1083/375 1316/1085/377 491/1089/255 490/1090/257
f 1314/1084/376 1315/1083/375 490/1090/257 489/1091/256
f 230/227/122 1314/1084/376 489/1091/256 27/228/123
f 229/226/121 1311/1080/372 1314/1084/376 230/227/122
f 228/225/120 1308/1077/369 1311/1080/372 229/226/121
f 1317/1092/1 1318/1093/1 1321/1094/1 1320/1095/1
f 1318/1093/1 1319/1096/1 1322/1097/1 1321/1094/1
f 1320/1095/1 1321/1094/1 1324/1098/1 1323/1099/1
f 1321/1094/1 1322/1097/1 1325/1100/1 1324/1098/1
f 23/977/1 227/975/1 1317/1092/1 209/1101/1
f 227/975/1 226/974/1 1318/1093/1 1317/1092/1
f 226/974/1 225/973/1 1319/1096/1 1318/1093/1
f 225/973/1 72/972/326 546/1102/381 1319/1096/1
f 1319/1096/1 546/1102/381 547/1103/324 1322/1097/1
f 1322/1097/1 547/1103/324 548/1104/382 1325/1100/1
f 1325/1100/1 548/1104/382 88/816/317 549/952/1
f 1324/1098/1 1325/1100/1 549/952/1 550/951/1
f 1323/1099/1 1324/1098/1 550/951/1 551/949/1
f 207/1105/1 1323/1099/1 551/949/1 84/948/1
f 208/1106/1 1320/1095/1 1323/1099/1 207/1105/1
f 209/1101/1 1317/1092/1 1320/1095/1 208/1106/1
f 1326/1107/383 1327/1108/384 1330/1109/385 1329/1110/386
f 1327/1108/384 1328/1111/387 1331/1112/388 1330/1109/385
f 1329/1110/386 1330/1109/385 1333/1113/389 1332/1114/390
f 1330/1109/385 1331/1112/388 1334/1115/391 1333/1113/389
f 89/796/306 569/1116/392 1326/1107/383 716/797/307
f 569/1116/392 568/1117/393 1327/1108/384 1326/1107/383
f 568/1117/393 567/1118/394 1328/1111/387 1327/1108/384
f 567/1118/394 90/1119/395 711/1120/396 1328/1111/387
f 1328/1111/387 711/1120/396 712/1121/397 1331/1112/388
f 1331/1112/388 712/1121/397 713/1122/398 1334/1115/391
f 1334/1115/391 713/1122/398 105/1123/399 663/1124/400
f 1333/1113/389 1334/1115/391 663/1124/400 664/1125/401
f 1332/1114/390 1333/1113/389 664/1125/401 665/1126/402
f 714/799/309 1332/1114/390 665/1126/402 106/800/310
f 715/798/308 1329/1110/386 1332/1114/390 714/799/309
f 716/797/307 1326/1107/383 1329/1110/386 715/798/308
f 1335/1127/247 1336/1128/247 1339/1129/248 1338/1130/248
f 1336/1128/247 1337/1131/247 1340/1132/248 1339/1129/248
f 1338/1130/248 1339/1129/248 1342/1133/249 1341/1134/249
f 1339/1129/248 1340/1132/248 1343/1135/250 1342/1133/249
f 18/601/6 182/1136/79 1335/1127/247 333/602/247
f 182/1136/79 181/1137/78 1336/1128/247 1335/1127/247
f 181/1137/78 180/1138/77 1337/1131/247 1336/1128/247
f 180/1138/77 82/580/76 555/582/247 1337/1131/247
f 1337/1131/247 555/582/247 556/586/248 1340/1132/248
f 1340/1132/248 556/586/248 557/585/250 1343/1135/250
f 1343/1135/250 557/585/250 86/269/10 345/1139/10
f 1342/1133/249 1343/1135/250 345/1139/10 346/1140/10
f 1341/1134/249 1342/1133/249 346/1140/10 347/1141/10
f 335/604/250 1341/1134/249 347/1141/10 47/159/10
f 334/603/248 1338/1130/248 1341/1134/249 335/604/250
f 333/602/247 1335/1127/247 1338/1130/248 334/603/248
f 1344/1142/403 1345/1143/404 1348/1144/405 1347/1145/406
f 1345/1143/404 1346/1146/407 1349/1147/408 1348/1144/405
f 1347/1145/406 1348/1144/405 1351/1148/409 1350/1149/410
f 1348/1144/405 1349/1147/408 1352/1150/411 1351/1148/409
f 19/440/58 185/1151/412 1344/1142/403 312/441/212
f 185/1151/412 184/1152/413 1345/1143/404 1344/1142/403
f 184/1152/413 183/1153/414 1346/1146/407 1345/1143/404
f 183/1153/414 83/505/16 558/507/243 1346/1146/407
f 1346/1146/407 558/507/243 559/520/246 1349/1147/408
f 1349/1147/408 559/520/246 560/518/245 1352/1150/411
f 1352/1150/411 560/518/245 85/519/180 539/1154/415
f 1351/1148/409 1352/1150/411 539/1154/415 538/1155/416
f 1350/1149/410 1351/1148/409 538/1155/416 537/1156/417
f 314/443/214 1350/1149/410 537/1156/417 39/374/161
f 313/442/213 1347/1145/406 1350/1149/410 314/443/214
f 312/441/212 1344/1142/403 1347/1145/406 313/442/213
f 1353/1157/7 1354/1158/7 1357/1159/8 1356/1160/8
f 1354/1158/7 1355/1161/7 1358/1162/8 1357/1159/8
f 1356/1160/8 1357/1159/8 1360/1163/9 1359/1164/9
f 1357/1159/8 1358/1162/8 1361/1165/9 1360/1163/9
f 47/159/10 347/1141/10 1353/1157/7 201/160/7
f 347/1141/10 346/1140/10 1354/1158/7 1353/1157/7
f 346/1140/10 345/1139/10 1355/1161/7 1354/1158/7
f 345/1139/10 86/269/10 561/271/7 1355/1161/7
f 1355/1161/7 561/271/7 562/283/8 1358/1162/8
f 1358/1162/8 562/283/8 563/281/9 1361/1165/9
f 1361/1165/9 563/281/9 83/282/16 183/1166/414
f 1360/1163/9 1361/1165/9 183/1166/414 184/1167/413
f 1359/1164/9 1360/1163/9 184/1167/413 185/1168/412
f 203/162/9 1359/1164/9 185/1168/412 19/118/58
f 202/161/8 1356/1160/8 1359/1164/9 203/162/9
f 201/160/7 1353/1157/7 1356/1160/8 202/161/8
f 1362/1169/418 1363/1170/419 1366/1171/420 1365/1172/421
f 1363/1170/419 1364/1173/422 1367/1174/423 1366/1171/420
f 1365/1172/421 1366/1171/420 1369/1175/424 1368/1176/425
f 1366/1171/420 1367/1174/423 1370/1177/426 1369/1175/424
f 63/208/103 419/206/101 1362/1169/418 543/1178/427
f 419/206/101 418/205/100 1363/1170/419 1362/1169/418
f 418/205/100 417/204/99 1364/1173/422 1363/1170/419
f 417/204/99 25/203/98 528/1179/97 1364/1173/422
f 1364/1173/422 528/1179/97 529/1180/96 1367/1174/423
f 1367/1174/423 529/1180/96 530/1181/251 1370/1177/426
f 1370/1177/426 530/1181/251 82/179/76 564/178/75
f 1369/1175/424 1370/1177/426 564/178/75 565/177/74
f 1368/1176/425 1369/1175/424 565/177/74 566/175/73
f 545/1182/428 1368/1176/425 566/175/73 87/174/72
f 544/1183/104 1365/1172/421 1368/1176/425 545/1182/428
f 543/1178/427 1362/1169/418 1365/1172/421 544/1183/104
f 1371/1184/429 1372/1185/430 1375/1186/431 1374/1187/432
f 1372/1185/430 1373/1188/433 1376/1189/434 1375/1186/431
f 1374/1187/432 1375/1186/431 1378/1190/435 1377/1191/436
f 1375/1186/431 1376/1189/434 1379/1192/437 1378/1190/435
f 69/695/258 458/900/322 1371/1184/429 581/1193/438
f 458/900/322 457/899/321 1372/1185/430 1371/1184/429
f 457/899/321 456/898/320 1373/1188/433 1372/1185/430
f 456/898/320 68/897/5 582/1194/439 1373/1188/433
f 1373/1188/433 582/1194/439 583/1195/440 1376/1189/434
f 1376/1189/434 583/1195/440 584/1196/441 1379/1192/437
f 1379/1192/437 584/1196/441 90/1119/395 567/1118/394
f 1378/1190/435 1379/1192/437 567/1118/394 568/1117/393
f 1377/1191/436 1378/1190/435 568/1117/393 569/1116/392
f 579/1197/442 1377/1191/436 569/1116/392 89/796/306
f 580/1198/443 1374/1187/432 1377/1191/436 579/1197/442
f 581/1193/438 1371/1184/429 1374/1187/432 580/1198/443
f 1380/1199/444 1381/1200/445 1384/1201/446 1383/1202/447
f 1381/1200/445 1382/1203/448 1385/1204/449 1384/1201/446
f 1383/1202/447 1384/1201/446 1387/1205/450 1386/1206/451
f 1384/1201/446 1385/1204/449 1388/1207/452 1387/1205/450
f 68/897/5 390/1208/453 1380/1199/444 582/1194/439
f 390/1208/453 391/1209/1 1381/1200/445 1380/1199/444
f 391/1209/1 392/1210/454 1382/1203/448 1381/1200/445
f 392/1210/454 58/224/119 585/1211/455 1382/1203/448
f 1382/1203/448 585/1211/455 586/1212/456 1385/1204/449
f 1385/1204/449 586/1212/456 587/1213/457 1388/1207/452
f 1388/1207/452 587/1213/457 91/1214/458 575/1215/459
f 1387/1205/450 1388/1207/452 575/1215/459 574/1216/460
f 1386/1206/451 1387/1205/450 574/1216/460 573/1217/461
f 584/1196/441 1386/1206/451 573/1217/461 90/1119/395
f 583/1195/440 1383/1202/447 1386/1206/451 584/1196/441
f 582/1194/439 1380/1199/444 1383/1202/447 583/1195/440
f 1389/1218/462 1390/1219/463 1393/1220/464 1392/1221/465
f 1390/1219/463 1391/1222/466 1394/1223/467 1393/1220/464
f 1392/1221/465 1393/1220/464 1396/1224/468 1395/1225/469
f 1393/1220/464 1394/1223/467 1397/1226/470 1396/1224/468
f 58/224/119 399/223/118 1389/1218/462 585/1211/455
f 399/223/118 400/222/117 1390/1219/463 1389/1218/462
f 400/222/117 401/220/115 1391/1222/466 1390/1219/463
f 401/220/115 59/219/114 588/1227/471 1391/1222/466
f 1391/1222/466 588/1227/471 589/1228/472 1394/1223/467
f 1394/1223/467 589/1228/472 590/1229/473 1397/1226/470
f 1397/1226/470 590/1229/473 92/791/301 578/1230/474
f 1396/1224/468 1397/1226/470 578/1230/474 577/1231/475
f 1395/1225/469 1396/1224/468 577/1231/475 576/1232/476
f 587/1213/457 1395/1225/469 576/1232/476 91/1214/458
f 586/1212/456 1392/1221/465 1395/1225/469 587/1213/457
f 585/1211/455 1389/1218/462 1392/1221/465 586/1212/456
f 1398/1233/477 1399/1234/478 1402/1235/479 1401/1236/480
f 1399/1234/478 1400/1237/481 1403/1238/482 1402/1235/479
f 1401/1236/480 1402/1235/479 1405/1239/483 1404/1240/484
f 1402/1235/479 1403/1238/482 1406/1241/485 1405/1239/483
f 59/219/114 395/698/261 1398/1233/477 588/1227/471
f 395/698/261 394/697/260 1399/1234/478 1398/1233/477
f 394/697/260 393/696/259 1400/1237/481 1399/1234/478
f 393/696/259 69/695/258 581/1193/438 1400/1237/481
f 1400/1237/481 581/1193/438 580/1198/443 1403/1238/482
f 1403/1238/482 580/1198/443 579/1197/442 1406/1241/485
f 1406/1241/485 579/1197/442 89/796/306 570/795/305
f 1405/1239/483 1406/1241/485 570/795/305 571/794/304
f 1404/1240/484 1405/1239/483 571/794/304 572/792/302
f 590/1229/473 1404/1240/484 572/792/302 92/791/301
f 589/1228/472 1401/1236/480 1404/1240/484 590/1229/473
f 588/1227/471 1398/1233/477 1401/1236/480 589/1228/472
f 1407/1242/486 1408/1243/487 1411/1244/488 1410/1245/489
f 1408/1243/487 1409/1246/490 1412/1247/491 1411/1244/488
f 1410/1245/489 1411/1244/488 1414/1248/492 1413/1249/493
f 1411/1244/488 1412/1247/491 1415/1250/494 1414/1248/492
f 73/780/291 473/778/261 1407/1242/486 605/1251/495
f 473/778/261 472/777/260 1408/1243/487 1407/1242/486
f 472/777/260 471/776/259 1409/1246/490 1408/1243/487
f 471/776/259 64/194/89 606/1252/496 1409/1246/490
f 1409/1246/490 606/1252/496 607/1253/497 1412/1247/491
f 1412/1247/491 607/1253/497 608/1254/498 1415/1250/494
f 1415/1250/494 608/1254/498 94/1024/343 591/1023/342
f 1414/1248/492 1415/1250/494 591/1023/342 592/1022/341
f 1413/1249/493 1414/1248/492 592/1022/341 593/1020/339
f 603/1255/499 1413/1249/493 593/1020/339 93/1019/338
f 604/1256/500 1410/1245/489 1413/1249/493 603/1255/499
f 605/1251/495 1407/1242/486 1410/1245/489 604/1256/500
f 1416/1257/501 1417/1258/502 1420/1259/503 1419/1260/504
f 1417/1258/502 1418/1261/505 1421/1262/506 1420/1259/503
f 1419/1260/504 1420/1259/503 1423/1263/507 1422/1264/508
f 1420/1259/503 1421/1262/506 1424/1265/509 1423/1263/507
f 64/194/89 426/196/91 1416/1257/501 606/1252/496
f 426/196/91 427/209/104 1417/1258/502 1416/1257/501
f 427/209/104 428/207/102 1418/1261/505 1417/1258/502
f 428/207/102 63/208/103 609/1266/510 1418/1261/505
f 1418/1261/505 609/1266/510 610/1267/511 1421/1262/506
f 1421/1262/506 610/1267/511 611/1268/512 1424/1265/509
f 1424/1265/509 611/1268/512 95/1269/513 599/1270/514
f 1423/1263/507 1424/1265/509 599/1270/514 598/1271/515
f 1422/1264/508 1423/1263/507 598/1271/515 597/1272/516
f 608/1254/498 1422/1264/508 597/1272/516 94/1024/343
f 607/1253/497 1419/1260/504 1422/1264/508 608/1254/498
f 606/1252/496 1416/1257/501 1419/1260/504 607/1253/497
f 1425/1273/517 1426/1274/518 1429/1275/519 1428/1276/520
f 1426/1274/518 1427/1277/521 1430/1278/522 1429/1275/519
f 1428/1276/520 1429/1275/519 1432/1279/523 1431/1280/524
f 1429/1275/519 1430/1278/522 1433/1281/525 1432/1279/523
f 63/208/103 468/1282/526 1425/1273/517 609/1266/510
f 468/1282/526 469/1283/527 1426/1274/518 1425/1273/517
f 469/1283/527 470/1284/528 1427/1277/521 1426/1274/518
f 470/1284/528 72/972/326 612/1285/529 1427/1277/521
f 1427/1277/521 612/1285/529 613/1286/530 1430/1278/522
f 1430/1278/522 613/1286/530 614/1287/531 1433/1281/525
f 1433/1281/525 614/1287/531 96/1288/532 602/1289/533
f 1432/1279/523 1433/1281/525 602/1289/533 601/1290/534
f 1431/1280/524 1432/1279/523 601/1290/534 600/1291/535
f 611/1268/512 1431/1280/524 600/1291/535 95/1269/513
f 610/1267/511 1428/1276/520 1431/1280/524 611/1268/512
f 609/1266/510 1425/1273/517 1428/1276/520 610/1267/511
f 1434/1292/536 1435/1293/537 1438/1294/538 1437/1295/539
f 1435/1293/537 1436/1296/540 1439/1297/541 1438/1294/538
f 1437/1295/539 1438/1294/538 1441/1298/542 1440/1299/543
f 1438/1294/538 1439/1297/541 1442/1300/544 1441/1298/542
f 72/972/326 485/971/325 1434/1292/536 612/1285/529
f 485/971/325 484/970/324 1435/1293/537 1434/1292/536
f 484/970/324 483/969/323 1436/1296/540 1435/1293/537
f 483/969/323 73/780/291 605/1251/495 1436/1296/540
f 1436/1296/540 605/1251/495 604/1256/500 1439/1297/541
f 1439/1297/541 604/1256/500 603/1255/499 1442/1300/544
f 1442/1300/544 603/1255/499 93/1019/338 594/1301/545
f 1441/1298/542 1442/1300/544 594/1301/545 595/1302/546
f 1440/1299/543 1441/1298/542 595/1302/546 596/1303/547
f 614/1287/531 1440/1299/543 596/1303/547 96/1288/532
f 613/1286/530 1437/1295/539 1440/1299/543 614/1287/531
f 612/1285/529 1434/1292/536 1437/1295/539 613/1286/530
f 1443/1304/548 1444/1305/430 1447/1306/549 1446/1307/550
f 1444/1305/430 1445/1308/551 1448/1309/552 1447/1306/549
f 1446/1307/550 1447/1306/549 1450/1310/553 1449/1311/554
f 1447/1306/549 1448/1309/552 1451/1312/555 1450/1310/553
f 68/897/5 455/1009/328 1443/1304/548 629/1313/556
f 455/1009/328 454/1008/321 1444/1305/430 1443/1304/548
f 454/1008/321 453/1007/327 1445/1308/551 1444/1305/430
f 453/1007/327 81/735/287 630/1314/557 1445/1308/551
f 1445/1308/551 630/1314/557 631/1315/558 1448/1309/552
f 1448/1309/552 631/1315/558 632/1316/559 1451/1312/555
f 1451/1312/555 632/1316/559 98/715/276 615/714/275
f 1450/1310/553 1451/1312/555 615/714/275 616/713/274
f 1449/1311/554 1450/1310/553 616/713/274 617/711/272
f 627/1317/560 1449/1311/554 617/711/272 97/710/271
f 628/1318/561 1446/1307/550 1449/1311/554 627/1317/560
f 629/1313/556 1443/1304/548 1446/1307/550 628/1318/561
f 1452/1319/562 1453/1320/563 1456/1321/564 1455/1322/565
f 1453/1320/563 1454/1323/566 1457/1324/567 1456/1321/564
f 1455/1322/565 1456/1321/564 1459/1325/568 1458/1326/569
f 1456/1321/564 1457/1324/567 1460/1327/570 1459/1325/568
f 81/735/287 513/737/288 1452/1319/562 630/1314/557
f 513/737/288 514/745/290 1453/1320/563 1452/1319/562
f 514/745/290 515/744/289 1454/1323/566 1453/1320/563
f 515/744/289 80/134/49 633/1328/571 1454/1323/566
f 1454/1323/566 633/1328/571 634/1329/572 1457/1324/567
f 1457/1324/567 634/1329/572 635/1330/573 1460/1327/570
f 1460/1327/570 635/1330/573 99/1331/574 623/1332/575
f 1459/1325/568 1460/1327/570 623/1332/575 622/1333/576
f 1458/1326/569 1459/1325/568 622/1333/576 621/1334/577
f 632/1316/559 1458/1326/569 621/1334/577 98/715/276
f 631/1315/558 1455/1322/565 1458/1326/569 632/1316/559
f 630/1314/557 1452/1319/562 1455/1322/565 631/1315/558
f 1461/1335/578 1462/1336/579 1465/1337/580 1464/1338/581
f 1462/1336/579 1463/1339/582 1466/1340/583 1465/1337/580
f 1464/1338/581 1465/1337/580 1468/1341/584 1467/1342/585
f 1465/1337/580 1466/1340/583 1469/1343/586 1468/1341/584
f 80/134/49 402/1088/380 1461/1335/578 633/1328/571
f 402/1088/380 403/1087/379 1462/1336/579 1461/1335/578
f 403/1087/379 404/1086/378 1463/1339/582 1462/1336/579
f 404/1086/378 58/224/119 636/1344/587 1463/1339/582
f 1463/1339/582 636/1344/587 637/1345/588 1466/1340/583
f 1466/1340/583 637/1345/588 638/1346/589 1469/1343/586
f 1469/1343/586 638/1346/589 100/1347/590 626/1348/591
f 1468/1341/584 1469/1343/586 626/1348/591 625/1349/592
f 1467/1342/585 1468/1341/584 625/1349/592 624/1350/593
f 635/1330/573 1467/1342/585 624/1350/593 99/1331/574
f 634/1329/572 1464/1338/581 1467/1342/585 635/1330/573
f 633/1328/571 1461/1335/578 1464/1338/581 634/1329/572
f 1470/1351/594 1471/1352/595 1474/1353/596 1473/1354/597
f 1471/1352/595 1472/1355/598 1475/1356/599 1474/1353/596
f 1473/1354/597 1474/1353/596 1477/1357/600 1476/1358/601
f 1474/1353/596 1475/1356/599 1478/1359/602 1477/1357/600
f 58/224/119 392/1210/454 1470/1351/594 636/1344/587
f 392/1210/454 391/1209/1 1471/1352/595 1470/1351/594
f 391/1209/1 390/1208/453 1472/1355/598 1471/1352/595
f 390/1208/453 68/897/5 629/1313/556 1472/1355/598
f 1472/1355/598 629/1313/556 628/1318/561 1475/1356/599
f 1475/1356/599 628/1318/561 627/1317/560 1478/1359/602
f 1478/1359/602 627/1317/560 97/710/271 618/1360/603
f 1477/1357/600 1478/1359/602 618/1360/603 619/1361/604
f 1476/1358/601 1477/1357/600 619/1361/604 620/1362/605
f 638/1346/589 1476/1358/601 620/1362/605 100/1347/590
f 637/1345/588 1473/1354/597 1476/1358/601 638/1346/589
f 636/1344/587 1470/1351/594 1473/1354/597 637/1345/588
f 1479/1363/606 1480/1364/607 1483/1365/608 1482/1366/609
f 1480/1364/607 1481/1367/610 1484/1368/611 1483/1365/608
f 1482/1366/609 1483/1365/608 1486/1369/612 1485/1370/613
f 1483/1365/608 1484/1368/611 1487/1371/614 1486/1369/612
f 72/972/326 470/1284/528 1479/1363/606 653/1372/615
f 470/1284/528 469/1283/527 1480/1364/607 1479/1363/606
f 469/1283/527 468/1282/526 1481/1367/610 1480/1364/607
f 468/1282/526 63/208/103 654/1373/616 1481/1367/610
f 1481/1367/610 654/1373/616 655/1374/617 1484/1368/611
f 1484/1368/611 655/1374/617 656/1375/618 1487/1371/614
f 1487/1371/614 656/1375/618 102/1376/619 639/1377/620
f 1486/1369/612 1487/1371/614 639/1377/620 640/1378/621
f 1485/1370/613 1486/1369/612 640/1378/621 641/1379/622
f 651/1380/623 1485/1370/613 641/1379/622 101/1381/623
f 652/1382/624 1482/1366/609 1485/1370/613 651/1380/625
f 653/1372/615 1479/1363/606 1482/1366/609 652/1382/624
f 1488/1383/626 1489/1384/627 1492/1385/628 1491/1386/629
f 1489/1384/627 1490/1387/630 1493/1388/631 1492/1385/628
f 1491/1386/629 1492/1385/628 1495/1389/632 1494/1390/633
f 1492/1385/628 1493/1388/631 1496/1391/634 1495/1389/632
f 63/208/103 543/1178/427 1488/1383/626 654/1373/616
f 543/1178/427 544/1183/104 1489/1384/627 1488/1383/626
f 544/1183/104 545/1182/428 1490/1387/630 1489/1384/627
f 545/1182/428 87/174/72 657/1392/635 1490/1387/630
f 1490/1387/630 657/1392/635 658/1393/636 1493/1388/631
f 1493/1388/631 658/1393/636 659/1394/637 1496/1391/634
f 1496/1391/634 659/1394/637 103/1395/638 647/1396/639
f 1495/1389/632 1496/1391/634 647/1396/639 646/1397/640
f 1494/1390/633 1495/1389/632 646/1397/640 645/1398/641
f 656/1375/618 1494/1390/633 645/1398/641 102/1376/619
f 655/1374/617 1491/1386/629 1494/1390/633 656/1375/618
f 654/1373/616 1488/1383/626 1491/1386/629 655/1374/617
f 1497/1399/642 1498/1400/643 1501/1401/644 1500/1402/645
f 1498/1400/643 1499/1403/646 1502/1404/647 1501/1401/644
f 1500/1402/645 1501/1401/644 1504/1405/648 1503/1406/649
f 1501/1401/644 1502/1404/647 1505/1407/650 1504/1405/648
f 87/174/72 552/820/319 1497/1399/642 657/1392/635
f 552/820/319 553/819/290 1498/1400/643 1497/1399/642
f 553/819/290 554/817/318 1499/1403/646 1498/1400/643
f 554/817/318 88/816/317 660/1408/651 1499/1403/646
f 1499/1403/646 660/1408/651 661/1409/652 1502/1404/647
f 1502/1404/647 661/1409/652 662/1410/653 1505/1407/650
f 1505/1407/650 662/1410/653 104/1411/654 650/1412/655
f 1504/1405/648 1505/1407/650 650/1412/655 649/1413/656
f 1503/1406/649 1504/1405/648 649/1413/656 648/1414/657
f 659/1394/637 1503/1406/649 648/1414/657 103/1395/638
f 658/1393/636 1500/1402/645 1503/1406/649 659/1394/637
f 657/1392/635 1497/1399/642 1500/1402/645 658/1393/636
f 1506/1415/658 1507/1416/659 1510/1417/660 1509/1418/661
f 1507/1416/659 1508/1419/662 1511/1420/663 1510/1417/660
f 1509/1418/661 1510/1417/660 1513/1421/664 1512/1422/665
f 1510/1417/660 1511/1420/663 1514/1423/666 1513/1421/664
f 88/816/317 548/1104/382 1506/1415/658 660/1408/651
f 548/1104/382 547/1103/324 1507/1416/659 1506/1415/658
f 547/1103/324 546/1102/381 1508/1419/662 1507/1416/659
f 546/1102/381 72/972/326 653/1372/615 1508/1419/662
f 1508/1419/662 653/1372/615 652/1382/624 1511/1420/663
f 1511/1420/663 652/1382/624 651/1380/625 1514/1423/666
f 1514/1423/667 651/1380/668 101/1381/668 642/1424/669
f 1513/1421/670 1514/1423/667 642/1424/669 643/1425/671
f 1512/1422/665 1513/1421/670 643/1425/671 644/1426/672
f 662/1410/653 1512/1422/665 644/1426/672 104/1411/654
f 661/1409/652 1509/1418/661 1512/1422/665 662/1410/653
f 660/1408/651 1506/1415/658 1509/1418/661 661/1409/652
f 1515/1427/673 1516/1428/674 1519/1429/1 1518/1430/675
f 1516/1428/674 1517/1431/676 1520/1432/677 1519/1429/1
f 1518/1430/675 1519/1429/1 1522/1433/678 1521/1434/679
f 1519/1429/1 1520/1432/677 1523/1435/680 1522/1433/678
f 106/800/310 665/1126/402 1515/1427/673 666/801/311
f 665/1126/402 664/1125/401 1516/1428/674 1515/1427/673
f 664/1125/401 663/1124/400 1517/1431/676 1516/1428/674
f 663/1124/400 105/1123/399 669/1436/681 1517/1431/676
f 1517/1431/676 669/1436/681 670/1437/682 1520/1432/677
f 1520/1432/677 670/1437/682 671/1438/683 1523/1435/680
f 1523/1435/680 671/1438/683 108/1439/684 672/1440/685
f 1522/1433/678 1523/1435/680 672/1440/685 673/1441/686
f 1521/1434/679 1522/1433/678 673/1441/686 674/1442/687
f 668/803/313 1521/1434/679 674/1442/687 107/805/315
f 667/802/312 1518/1430/675 1521/1434/679 668/803/313
f 666/801/311 1515/1427/673 1518/1430/675 667/802/312
f 1524/1443/688 1525/1444/689 1528/1445/690 1527/1446/691
f 1525/1444/689 1526/1447/692 1529/1448/693 1528/1445/690
f 1527/1446/691 1528/1445/690 1531/1449/694 1530/1450/695
f 1528/1445/690 1529/1448/693 1532/1451/696 1531/1449/694
f 110/1033/352 677/1031/350 1524/1443/688 678/1452/697
f 677/1031/350 676/1030/349 1525/1444/689 1524/1443/688
f 676/1030/349 675/1029/348 1526/1447/692 1525/1444/689
f 675/1029/348 109/1028/347 681/1453/698 1526/1447/692
f 1526/1447/692 681/1453/698 682/1454/699 1529/1448/693
f 1529/1448/693 682/1454/699 683/1455/700 1532/1451/696
f 1532/1451/696 683/1455/700 112/1456/701 684/1457/702
f 1531/1449/694 1532/1451/696 684/1457/702 685/1458/703
f 1530/1450/695 1531/1449/694 685/1458/703 686/1459/704
f 680/1460/705 1530/1450/695 686/1459/704 111/1461/706
f 679/1462/707 1527/1446/691 1530/1450/695 680/1460/705
f 678/1452/697 1524/1443/688 1527/1446/691 679/1462/707
f 1533/1463/708 1534/1464/674 1537/1465/1 1536/1466/709
f 1534/1464/674 1535/1467/710 1538/1468/711 1537/1465/1
f 1536/1466/709 1537/1465/1 1540/1469/678 1539/1470/712
f 1537/1465/1 1538/1468/711 1541/1471/713 1540/1469/678
f 114/724/285 689/722/283 1533/1463/708 690/1472/714
f 689/722/283 688/721/282 1534/1464/674 1533/1463/708
f 688/721/282 687/720/281 1535/1467/710 1534/1464/674
f 687/720/281 113/719/280 693/1473/715 1535/1467/710
f 1535/1467/710 693/1473/715 694/1474/716 1538/1468/711
f 1538/1468/711 694/1474/716 695/1475/717 1541/1471/713
f 1541/1471/713 695/1475/717 116/1476/718 696/1477/719
f 1540/1469/678 1541/1471/713 696/1477/719 697/1478/720
f 1539/1470/712 1540/1469/678 697/1478/720 698/1479/721
f 692/1480/722 1539/1470/712 698/1479/721 115/1481/723
f 691/1482/724 1536/1466/709 1539/1470/712 692/1480/722
f 690/1472/714 1533/1463/708 1536/1466/709 691/1482/724
f 1542/1483/725 1543/1484/726 1546/1485/727 1545/1486/728
f 1543/1484/726 1544/1487/729 1547/1488/730 1546/1485/727
f 1545/1486/728 1546/1485/727 1549/1489/731 1548/1490/732
f 1546/1485/727 1547/1488/730 1550/1491/733 1549/1489/731
f 118/1492/734 701/1493/735 1542/1483/725 702/1494/736
f 701/1493/735 700/1495/737 1543/1484/726 1542/1483/725
f 700/1495/737 699/1496/738 1544/1487/729 1543/1484/726
f 699/1496/738 117/1497/739 705/1498/740 1544/1487/729
f 1544/1487/729 705/1498/740 706/1499/741 1547/1488/730
f 1547/1488/730 706/1499/741 707/1500/742 1550/1491/733
f 1550/1491/733 707/1500/742 120/1501/743 708/1502/744
f 1549/1489/731 1550/1491/733 708/1502/744 709/1503/745
f 1548/1490/732 1549/1489/731 709/1503/745 710/1504/746
f 704/1505/747 1548/1490/732 710/1504/746 119/1506/748
f 703/1507/749 1545/1486/728 1548/1490/732 704/1505/747
f 702/1494/736 1542/1483/725 1545/1486/728 703/1507/749
f 1551/1508/750 1552/1509/751 1555/1510/752 1554/1511/753
f 1552/1509/751 1553/1512/754 1556/1513/755 1555/1510/752
f 1554/1511/753 1555/1510/752 1558/1514/756 1557/1515/757
f 1555/1510/752 1556/1513/755 1559/1516/758 1558/1514/756
f 96/1288/532 596/1303/547 1551/1508/750 734/1517/759
f 596/1303/547 595/1302/546 1552/1509/751 1551/1508/750
f 595/1302/546 594/1301/545 1553/1512/754 1552/1509/751
f 594/1301/545 93/1019/338 722/1021/340 1553/1512/754
f 1553/1512/754 722/1021/340 721/1034/353 1556/1513/755
f 1556/1513/755 721/1034/353 720/1032/351 1559/1516/758
f 1559/1516/758 720/1032/351 110/1033/352 678/1452/697
f 1558/1514/756 1559/1516/758 678/1452/697 679/1462/707
f 1557/1515/757 1558/1514/756 679/1462/707 680/1460/705
f 732/1518/760 1557/1515/757 680/1460/705 111/1461/706
f 733/1519/761 1554/1511/753 1557/1515/757 732/1518/760
f 734/1517/759 1551/1508/750 1554/1511/753 733/1519/761
f 1560/1520/762 1561/1521/763 1564/1522/764 1563/1523/765
f 1561/1521/763 1562/1524/766 1565/1525/767 1564/1522/764
f 1563/1523/765 1564/1522/764 1567/1526/768 1566/1527/769
f 1564/1522/764 1565/1525/767 1568/1528/770 1567/1526/768
f 101/1381/771 641/1379/771 1560/1520/772 740/1529/773
f 641/1379/622 640/1378/621 1561/1521/763 1560/1520/762
f 640/1378/621 639/1377/620 1562/1524/766 1561/1521/763
f 639/1377/620 102/1376/619 735/1530/774 1562/1524/766
f 1562/1524/766 735/1530/774 736/1531/775 1565/1525/767
f 1565/1525/767 736/1531/775 737/1532/776 1568/1528/770
f 1568/1528/770 737/1532/776 117/1497/739 699/1496/738
f 1567/1526/768 1568/1528/770 699/1496/738 700/1495/737
f 1566/1527/769 1567/1526/768 700/1495/737 701/1493/735
f 738/1533/777 1566/1527/769 701/1493/735 118/1492/734
f 739/1534/778 1563/1523/765 1566/1527/769 738/1533/777
f 740/1529/773 1560/1520/772 1563/1523/779 739/1534/779
f 1569/1535/780 1570/1536/781 1573/1537/782 1572/1538/783
f 1570/1536/781 1571/1539/784 1574/1540/785 1573/1537/782
f 1572/1538/783 1573/1537/782 1576/1541/786 1575/1542/787
f 1573/1537/782 1574/1540/785 1577/1543/788 1576/1541/786
f 90/1119/395 573/1217/461 1569/1535/780 711/1120/396
f 573/1217/461 574/1216/460 1570/1536/781 1569/1535/780
f 574/1216/460 575/1215/459 1571/1539/784 1570/1536/781
f 575/1215/459 91/1214/458 741/1544/789 1571/1539/784
f 1571/1539/784 741/1544/789 742/1545/790 1574/1540/785
f 1574/1540/785 742/1545/790 743/1546/791 1577/1543/788
f 1577/1543/788 743/1546/791 108/1439/684 671/1438/683
f 1576/1541/786 1577/1543/788 671/1438/683 670/1437/682
f 1575/1542/787 1576/1541/786 670/1437/682 669/1436/681
f 713/1122/398 1575/1542/787 669/1436/681 105/1123/399
f 712/1121/397 1572/1538/783 1575/1542/787 713/1122/398
f 711/1120/396 1569/1535/780 1572/1538/783 712/1121/397
f 1578/1547/792 1579/1548/793 1582/1549/794 1581/1550/795
f 1579/1548/793 1580/1551/796 1583/1552/797 1582/1549/794
f 1581/1550/795 1582/1549/794 1585/1553/798 1584/1554/799
f 1582/1549/794 1583/1552/797 1586/1555/800 1585/1553/798
f 100/1347/590 620/1362/605 1578/1547/792 746/1556/801
f 620/1362/605 619/1361/604 1579/1548/793 1578/1547/792
f 619/1361/604 618/1360/603 1580/1551/796 1579/1548/793
f 618/1360/603 97/710/271 731/712/273 1580/1551/796
f 1580/1551/796 731/712/273 730/725/286 1583/1552/797
f 1583/1552/797 730/725/286 729/723/284 1586/1555/800
f 1586/1555/800 729/723/284 114/724/285 690/1472/714
f 1585/1553/798 1586/1555/800 690/1472/714 691/1482/724
f 1584/1554/799 1585/1553/798 691/1482/724 692/1480/722
f 744/1557/802 1584/1554/799 692/1480/722 115/1481/723
f 745/1558/803 1581/1550/795 1584/1554/799 744/1557/802
f 746/1556/801 1578/1547/792 1581/1550/795 745/1558/803
f 1587/1559/804 1588/1560/805 1591/1561/806 1590/1562/807
f 1588/1560/805 1589/1563/808 1592/1564/809 1591/1561/806
f 1590/1562/807 1591/1561/806 1594/1565/810 1593/1566/811
f 1591/1561/806 1592/1564/809 1595/1567/812 1594/1565/810
f 94/1024/343 597/1272/516 1587/1559/804 717/1025/344
f 597/1272/516 598/1271/515 1588/1560/805 1587/1559/804
f 598/1271/515 599/1270/514 1589/1563/808 1588/1560/805
f 599/1270/514 95/1269/513 747/1568/813 1589/1563/808
f 1589/1563/808 747/1568/813 748/1569/814 1592/1564/809
f 1592/1564/809 748/1569/814 749/1570/815 1595/1567/812
f 1595/1567/812 749/1570/815 112/1456/701 683/1455/700
f 1594/1565/810 1595/1567/812 683/1455/700 682/1454/699
f 1593/1566/811 1594/1565/810 682/1454/699 681/1453/698
f 719/1027/346 1593/1566/811 681/1453/698 109/1028/347
f 718/1026/345 1590/1562/807 1593/1566/811 719/1027/346
f 717/1025/344 1587/1559/804 1590/1562/807 718/1026/345
f 1596/1571/816 1597/1572/817 1600/1573/818 1599/1574/819
f 1597/1572/817 1598/1575/820 1601/1576/821 1600/1573/818
f 1599/1574/822 1600/1573/823 1603/1577/824 1602/1578/825
f 1600/1573/823 1601/1576/826 1604/1579/827 1603/1577/824
f 104/1411/828 644/1426/828 1596/1571/829 752/1580/830
f 644/1426/831 643/1425/832 1597/1572/817 1596/1571/816
f 643/1425/832 642/1424/833 1598/1575/820 1597/1572/817
f 642/1424/833 101/1381/834 740/1529/835 1598/1575/820
f 1598/1575/820 740/1529/835 739/1534/836 1601/1576/821
f 1601/1576/826 739/1534/778 738/1533/777 1604/1579/827
f 1604/1579/827 738/1533/777 118/1492/734 702/1494/736
f 1603/1577/824 1604/1579/827 702/1494/736 703/1507/749
f 1602/1578/825 1603/1577/824 703/1507/749 704/1505/747
f 750/1581/837 1602/1578/825 704/1505/747 119/1506/748
f 751/1582/838 1599/1574/822 1602/1578/825 750/1581/837
f 752/1580/830 1596/1571/829 1599/1574/839 751/1582/838
f 1605/1583/840 1606/1584/841 1609/1585/842 1608/1586/843
f 1606/1584/841 1607/1587/844 1610/1588/845 1609/1585/842
f 1608/1586/843 1609/1585/842 1612/1589/846 1611/1590/847
f 1609/1585/842 1610/1588/845 1613/1591/848 1612/1589/846
f 91/1214/458 576/1232/476 1605/1583/840 741/1544/789
f 576/1232/476 577/1231/475 1606/1584/841 1605/1583/840
f 577/1231/475 578/1230/474 1607/1587/844 1606/1584/841
f 578/1230/474 92/791/301 725/793/303 1607/1587/844
f 1607/1587/844 725/793/303 724/806/316 1610/1588/845
f 1610/1588/845 724/806/316 723/804/314 1613/1591/848
f 1613/1591/848 723/804/314 107/805/315 674/1442/687
f 1612/1589/846 1613/1591/848 674/1442/687 673/1441/686
f 1611/1590/847 1612/1589/846 673/1441/686 672/1440/685
f 743/1546/791 1611/1590/847 672/1440/685 108/1439/684
f 742/1545/790 1608/1586/843 1611/1590/847 743/1546/791
f 741/1544/789 1605/1583/840 1608/1586/843 742/1545/790
f 1614/1592/849 1615/1593/850 1618/1594/851 1617/1595/852
f 1615/1593/850 1616/1596/853 1619/1597/854 1618/1594/851
f 1617/1595/852 1618/1594/851 1621/1598/855 1620/1599/856
f 1618/1594/851 1619/1597/854 1622/1600/857 1621/1598/855
f 98/715/276 621/1334/577 1614/1592/849 726/716/277
f 621/1334/577 622/1333/576 1615/1593/850 1614/1592/849
f 622/1333/576 623/1332/575 1616/1596/853 1615/1593/850
f 623/1332/575 99/1331/574 753/1601/858 1616/1596/853
f 1616/1596/853 753/1601/858 754/1602/859 1619/1597/854
f 1619/1597/854 754/1602/859 755/1603/860 1622/1600/857
f 1622/1600/857 755/1603/860 116/1476/718 695/1475/717
f 1621/1598/855 1622/1600/857 695/1475/717 694/1474/716
f 1620/1599/856 1621/1598/855 694/1474/716 693/1473/715
f 728/718/279 1620/1599/856 693/1473/715 113/719/280
f 727/717/278 1617/1595/852 1620/1599/856 728/718/279
f 726/716/277 1614/1592/849 1617/1595/852 727/717/278
f 1623/1604/861 1624/1605/862 1627/1606/863 1626/1607/864
f 1624/1605/862 1625/1608/865 1628/1609/866 1627/1606/863
f 1626/1607/864 1627/1606/863 1630/1610/867 1629/1611/868
f 1627/1606/863 1628/1609/866 1631/1612/869 1630/1610/867
f 95/1269/513 600/1291/535 1623/1604/861 747/1568/813
f 600/1291/535 601/1290/534 1624/1605/862 1623/1604/861
f 601/1290/534 602/1289/533 1625/1608/865 1624/1605/862
f 602/1289/533 96/1288/532 734/1517/759 1625/1608/865
f 1625/1608/865 734/1517/759 733/1519/761 1628/1609/866
f 1628/1609/866 733/1519/761 732/1518/760 1631/1612/869
f 1631/1612/869 732/1518/760 111/1461/706 686/1459/704
f 1630/1610/867 1631/1612/869 686/1459/704 685/1458/703
f 1629/1611/868 1630/1610/867 685/1458/703 684/1457/702
f 749/1570/815 1629/1611/868 684/1457/702 112/1456/701
f 748/1569/814 1626/1607/864 1629/1611/868 749/1570/815
f 747/1568/813 1623/1604/861 1626/1607/864 748/1569/814
f 1632/1613/870 1633/1614/871 1636/1615/872 1635/1616/873
f 1633/1614/871 1634/1617/874 1637/1618/875 1636/1615/872
f 1635/1616/873 1636/1615/872 1639/1619/876 1638/1620/877
f 1636/1615/872 1637/1618/875 1640/1621/878 1639/1619/876
f 102/1376/619 645/1398/641 1632/1613/870 735/1530/774
f 645/1398/641 646/1397/640 1633/1614/871 1632/1613/870
f 646/1397/640 647/1396/639 1634/1617/874 1633/1614/871
f 647/1396/639 103/1395/638 756/1622/879 1634/1617/874
f 1634/1617/874 756/1622/879 757/1623/880 1637/1618/875
f 1637/1618/875 757/1623/880 758/1624/881 1640/1621/878
f 1640/1621/878 758/1624/881 120/1501/743 707/1500/742
f 1639/1619/876 1640/1621/878 707/1500/742 706/1499/741
f 1638/1620/877 1639/1619/876 706/1499/741 705/1498/740
f 737/1532/776 1638/1620/877 705/1498/740 117/1497/739
f 736/1531/775 1635/1616/873 1638/1620/877 737/1532/776
f 735/1530/774 1632/1613/870 1635/1616/873 736/1531/775
f 1641/1625/882 1642/1626/883 1645/1627/884 1644/1628/885
f 1642/1626/883 1643/1629/886 1646/1630/887 1645/1627/884
f 1644/1628/885 1645/1627/884 1648/1631/888 1647/1632/889
f 1645/1627/884 1646/1630/887 1649/1633/890 1648/1631/888
f 99/1331/574 624/1350/593 1641/1625/882 753/1601/858
f 624/1350/593 625/1349/592 1642/1626/883 1641/1625/882
f 625/1349/592 626/1348/591 1643/1629/886 1642/1626/883
f 626/1348/591 100/1347/590 746/1556/801 1643/1629/886
f 1643/1629/886 746/1556/801 745/1558/803 1646/1630/887
f 1646/1630/887 745/1558/803 744/1557/802 1649/1633/890
f 1649/1633/890 744/1557/802 115/1481/723 698/1479/721
f 1648/1631/888 1649/1633/890 698/1479/721 697/1478/720
f 1647/1632/889 1648/1631/888 697/1478/720 696/1477/719
f 755/1603/860 1647/1632/889 696/1477/719 116/1476/718
f 754/1602/859 1644/1628/885 1647/1632/889 755/1603/860
f 753/1601/858 1641/1625/882 1644/1628/885 754/1602/859
f 1650/1634/891 1651/1635/892 1654/1636/893 1653/1637/894
f 1651/1635/892 1652/1638/895 1655/1639/896 1654/1636/893
f 1653/1637/894 1654/1636/893 1657/1640/897 1656/1641/898
f 1654/1636/893 1655/1639/896 1658/1642/899 1657/1640/897
f 103/1395/638 648/1414/657 1650/1634/891 756/1622/879
f 648/1414/657 649/1413/656 1651/1635/892 1650/1634/891
f 649/1413/656 650/1412/655 1652/1638/895 1651/1635/892
f 650/1412/655 104/1411/654 752/1580/830 1652/1638/895
f 1652/1638/895 752/1580/830 751/1582/838 1655/1639/896
f 1655/1639/896 751/1582/838 750/1581/837 1658/1642/899
f 1658/1642/899 750/1581/837 119/1506/748 710/1504/746
f 1657/1640/897 1658/1642/899 710/1504/746 709/1503/745
f 1656/1641/898 1657/1640/897 709/1503/745 708/1502/744
f 758/1624/881 1656/1641/898 708/1502/744 120/1501/743
f 757/1623/880 1653/1637/894 1656/1641/898 758/1624/881
f 756/1622/879 1650/1634/891 1653/1637/894 757/1623/880
f 1659/1643/1 1660/1644/1 1663/1645/1 1662/1646/1
f 1660/1644/1 1661/1647/1 1664/1648/1 1663/1645/1
f 1662/1646/1 1663/1645/1 1666/1649/1 1665/1650/1
f 1663/1645/1 1664/1648/1 1667/1651/1 1666/1649/1
f 40/464/233 270/463/232 1659/1643/1 269/1652/1
f 270/463/232 271/462/231 1660/1644/1 1659/1643/1
f 271/462/231 272/461/230 1661/1647/1 1660/1644/1
f 272/461/230 38/460/229 780/1653/1 1661/1647/1
f 1661/1647/1 780/1653/1 781/1654/1 1664/1648/1
f 1664/1648/1 781/1654/1 782/1655/1 1667/1651/1
f 1667/1651/1 782/1655/1 128/1656/1 801/1657/1
f 1666/1649/1 1667/1651/1 801/1657/1 802/1658/1
f 1665/1650/1 1666/1649/1 802/1658/1 803/1659/1
f 267/1660/1 1665/1650/1 803/1659/1 127/1661/1
f 268/1662/1 1662/1646/1 1665/1650/1 267/1660/1
f 269/1652/1 1659/1643/1 1662/1646/1 268/1662/1
f 1668/1663/1 1669/1664/1 1672/1665/1 1671/1666/1
f 1669/1664/1 1670/1667/1 1673/1668/1 1672/1665/1
f 1671/1666/1 1672/1665/1 1675/1669/1 1674/1670/1
f 1672/1665/1 1673/1668/1 1676/1671/1 1675/1669/1
f 127/1661/1 803/1659/1 1668/1663/1 779/1672/1
f 803/1659/1 802/1658/1 1669/1664/1 1668/1663/1
f 802/1658/1 801/1657/1 1670/1667/1 1669/1664/1
f 801/1657/1 128/1656/1 783/1673/1 1670/1667/1
f 1670/1667/1 783/1673/1 784/1674/1 1673/1668/1
f 1673/1668/1 784/1674/1 785/1675/1 1676/1671/1
f 1676/1671/1 785/1675/1 129/1676/1 804/1677/1
f 1675/1669/1 1676/1671/1 804/1677/1 805/1678/1
f 1674/1670/1 1675/1669/1 805/1678/1 806/1679/1
f 777/1680/1 1674/1670/1 806/1679/1 126/1681/1
f 778/1682/1 1671/1666/1 1674/1670/1 777/1680/1
f 779/1672/1 1668/1663/1 1671/1666/1 778/1682/1
f 1677/1683/1 1678/1684/1 1681/1685/1 1680/1686/1
f 1678/1684/1 1679/1687/1 1682/1688/1 1681/1685/1
f 1680/1686/1 1681/1685/1 1684/1689/1 1683/1690/1
f 1681/1685/1 1682/1688/1 1685/1691/1 1684/1689/1
f 126/1681/1 806/1679/1 1677/1683/1 776/1692/1
f 806/1679/1 805/1678/1 1678/1684/1 1677/1683/1
f 805/1678/1 804/1677/1 1679/1687/1 1678/1684/1
f 804/1677/1 129/1676/1 786/1693/1 1679/1687/1
f 1679/1687/1 786/1693/1 787/1694/1 1682/1688/1
f 1682/1688/1 787/1694/1 788/1695/1 1685/1691/1
f 1685/1691/1 788/1695/1 130/1696/1 807/1697/1
f 1684/1689/1 1685/1691/1 807/1697/1 808/1698/1
f 1683/1690/1 1684/1689/1 808/1698/1 809/1699/1
f 774/1700/1 1683/1690/1 809/1699/1 125/1701/1
f 775/1702/1 1680/1686/1 1683/1690/1 774/1700/1
f 776/1692/1 1677/1683/1 1680/1686/1 775/1702/1
f 1686/1703/1 1687/1704/1 1690/1705/1 1689/1706/1
f 1687/1704/1 1688/1707/1 1691/1708/1 1690/1705/1
f 1689/1706/1 1690/1705/1 1693/1709/1 1692/1710/1
f 1690/1705/1 1691/1708/1 1694/1711/1 1693/1709/1
f 125/1701/1 809/1699/1 1686/1703/1 773/1712/1
f 809/1699/1 808/1698/1 1687/1704/1 1686/1703/1
f 808/1698/1 807/1697/1 1688/1707/1 1687/1704/1
f 807/1697/1 130/1696/1 789/1713/1 1688/1707/1
f 1688/1707/1 789/1713/1 790/1714/1 1691/1708/1
f 1691/1708/1 790/1714/1 791/1715/1 1694/1711/1
f 1694/1711/1 791/1715/1 131/1716/1 810/1717/1
f 1693/1709/1 1694/1711/1 810/1717/1 811/1718/1
f 1692/1710/1 1693/1709/1 811/1718/1 812/1719/1
f 771/1720/1 1692/1710/1 812/1719/1 124/1721/1
f 772/1722/1 1689/1706/1 1692/1710/1 771/1720/1
f 773/1712/1 1686/1703/1 1689/1706/1 772/1722/1
f 1695/1723/1 1696/1724/1 1699/1725/1 1698/1726/1
f 1696/1724/1 1697/1727/1 1700/1728/1 1699/1725/1
f 1698/1726/1 1699/1725/1 1702/1729/1 1701/1730/1
f 1699/1725/1 1700/1728/1 1703/1731/1 1702/1729/1
f 124/1721/1 812/1719/1 1695/1723/1 770/1732/1
f 812/1719/1 811/1718/1 1696/1724/1 1695/1723/1
f 811/1718/1 810/1717/1 1697/1727/1 1696/1724/1
f 810/1717/1 131/1716/1 792/1733/1 1697/1727/1
f 1697/1727/1 792/1733/1 793/1734/1 1700/1728/1
f 1700/1728/1 793/1734/1 794/1735/1 1703/1731/1
f 1703/1731/1 794/1735/1 132/1736/1 813/1737/1
f 1702/1729/1 1703/1731/1 813/1737/1 814/1738/1
f 1701/1730/1 1702/1729/1 814/1738/1 815/1739/1
f 768/1740/1 1701/1730/1 815/1739/1 123/1741/1
f 769/1742/1 1698/1726/1 1701/1730/1 768/1740/1
f 770/1732/1 1695/1723/1 1698/1726/1 769/1742/1
f 1704/1743/1 1705/1744/1 1708/1745/1 1707/1746/1
f 1705/1744/1 1706/1747/1 1709/1748/1 1708/1745/1
f 1707/1746/1 1708/1745/1 1711/1749/1 1710/1750/1
f 1708/1745/1 1709/1748/1 1712/1751/1 1711/1749/1
f 123/1741/1 815/1739/1 1704/1743/1 767/1752/1
f 815/1739/1 814/1738/1 1705/1744/1 1704/1743/1
f 814/1738/1 813/1737/1 1706/1747/1 1705/1744/1
f 813/1737/1 132/1736/1 795/1753/1 1706/1747/1
f 1706/1747/1 795/1753/1 796/1754/1 1709/1748/1
f 1709/1748/1 796/1754/1 797/1755/1 1712/1751/1
f 1712/1751/1 797/1755/1 133/1756/1 816/1757/1
f 1711/1749/1 1712/1751/1 816/1757/1 817/1758/1
f 1710/1750/1 1711/1749/1 817/1758/1 818/1759/1
f 765/1760/1 1710/1750/1 818/1759/1 122/1761/1
f 766/1762/1 1707/1746/1 1710/1750/1 765/1760/1
f 767/1752/1 1704/1743/1 1707/1746/1 766/1762/1
f 1713/1763/1 1714/1764/1 1717/1765/1 1716/1766/1
f 1714/1764/1 1715/1767/1 1718/1768/1 1717/1765/1
f 1716/1766/1 1717/1765/1 1720/1769/1 1719/1770/1
f 1717/1765/1 1718/1768/1 1721/1771/1 1720/1769/1
f 122/1761/1 818/1759/1 1713/1763/1 764/1772/1
f 818/1759/1 817/1758/1 1714/1764/1 1713/1763/1
f 817/1758/1 816/1757/1 1715/1767/1 1714/1764/1
f 816/1757/1 133/1756/1 798/1773/1 1715/1767/1
f 1715/1767/1 798/1773/1 799/1774/1 1718/1768/1
f 1718/1768/1 799/1774/1 800/1775/1 1721/1771/1
f 1721/1771/1 800/1775/1 134/365/1 819/364/1
f 1720/1769/1 1721/1771/1 819/364/1 820/363/1
f 1719/1770/1 1720/1769/1 820/363/1 821/361/1
f 762/1776/1 1719/1770/1 821/361/1 121/360/1
f 763/1777/1 1716/1766/1 1719/1770/1 762/1776/1
f 764/1772/1 1713/1763/1 1716/1766/1 763/1777/1
s 0
f 1722/1/900 1723/4/900 1725/3/900 1724/2/900
f 1726/1/1 1728/2/1 1729/3/1 1727/4/1
f 1724/2/901 1728/2/901 1726/1/901 1722/1/901
f 1725/3/902 1729/3/902 1728/2/902 1724/2/902
f 1722/1/903 1726/1/903 1727/4/903 1723/4/903
f 1723/4/904 1727/4/904 1729/3/904 1725/3/904
f 1730/1/900 1732/2/900 1733/3/900 1731/4/900
f 1734/1/1 1735/4/1 1737/3/1 1736/2/1
f 1732/2/904 1730/1/904 1734/1/904 1736/2/904
f 1733/3/902 1732/2/902 1736/2/902 1737/3/902
f 1730/1/903 1731/4/903 1735/4/903 1734/1/903
f 1731/4/901 1733/3/901 1737/3/901 1735/4/901
f 1738/1/900 1740/2/900 1741/3/900 1739/4/900
f 1742/1/1 1743/4/1 1745/3/1 1744/2/1
f 1740/2/901 1738/1/901 1742/1/901 1744/2/901
f 1741/3/903 1740/2/903 1744/2/903 1745/3/903
f 1738/1/902 1739/4/902 1743/4/902 1742/1/902
f 1739/4/904 1741/3/904 1745/3/904 1743/4/904
f 1746/1/900 1747/4/900 1749/3/900 1748/2/900
f 1750/1/1 1752/2/1 1753/3/1 1751/4/1
f 1748/2/904 1752/2/904 1750/1/904 1746/1/904
f 1749/3/903 1753/3/903 1752/2/903 1748/2/903
f 1746/1/902 1750/1/902 1751/4/902 1747/4/902
f 1747/4/901 1751/4/901 1753/3/901 1749/3/901
f 1754/1/900 1755/4/900 1757/3/900 1756/2/900
f 1758/1/1 1760/2/1 1761/3/1 1759/4/1
f 1756/2/903 1760/2/903 1758/1/903 1754/1/903
f 1757/3/901 1761/3/901 1760/2/901 1756/2/901
f 1754/1/904 1758/1/904 1759/4/904 1755/4/904
f 1755/4/902 1759/4/902 1761/3/902 1757/3/902
f 1762/1/900 1764/2/900 1765/3/900 1763/4/900
f 1766/1/1 1767/4/1 1769/3/1 1768/2/1
f 1764/2/903 1762/1/903 1766/1/903 1768/2/903
f 1765/3/904 1764/2/904 1768/2/904 1769/3/904
f 1762/1/901 1763/4/901 1767/4/901 1766/1/901
f 1763/4/902 1765/3/902 1769/3/902 1767/4/902
f 1770/1/900 1772/2/900 1773/3/900 1771/4/900
f 1774/1/1 1775/4/1 1777/3/1 1776/2/1
f 1772/2/902 1770/1/902 1774/1/902 1776/2/902
f 1773/3/901 1772/2/901 1776/2/901 1777/3/901
f 1770/1/904 1771/4/904 1775/4/904 1774/1/904
f 1771/4/903 1773/3/903 1777/3/903 1775/4/903
f 1778/1/900 1779/4/900 1781/3/900 1780/2/900
f 1782/1/1 1784/2/1 1785/3/1 1783/4/1
f 1780/2/902 1784/2/902 1782/1/902 1778/1/902
f 1781/3/904 1785/3/904 1784/2/904 1780/2/904
f 1778/1/901 1782/1/901 1783/4/901 1779/4/901
f 1779/4/903 1783/4/903 1785/3/903 1781/3/903
f 1787/2/904 1789/2/904 1788/1/904 1786/1/904
